code_individual_host,hosts_species_match,host_DNA_ext_ID,host_species,updated_host_species_name,country,state,county,locality,latitude,longitude,date_collected,host_order,host_suborder,host_family,host_subfamily,Tribe,host_genus,sex,life_stage,infected,intensity,TAMUIC_IC_CODE,observations
tt1,,R11,Taeniopoda tamaulipensis,Romalea tamaulipensis,MX,Hidalgo,Metztitlan,Jilotla,20.54892,-98.74942,Ago/8/2021,Orthoptera,Caelifera,Romaleidae,Romaleinae,,Taeniopoda,male,nymph,n,0,TAMUIC-IGC-004548,
tt2,,,Taeniopoda tamaulipensis,Romalea tamaulipensis,MX,Hidalgo,Metztitlan,Jilotla,20.54892,-98.74942,Ago/8/2021,Orthoptera,Caelifera,Romaleidae,Romaleinae,,Taeniopoda,male,nymph,n,0,,
tt3,,,Taeniopoda tamaulipensis,Romalea tamaulipensis,MX,Hidalgo,Metztitlan,Jilotla,20.54892,-98.74942,Ago/8/2021,Orthoptera,Caelifera,Romaleidae,Romaleinae,,Taeniopoda,female,nymph,n,0,,
tt4,,,Taeniopoda tamaulipensis,Romalea tamaulipensis,MX,Hidalgo,Metztitlan,Jilotla,20.54892,-98.74942,Ago/8/2021,Orthoptera,Caelifera,Romaleidae,Romaleinae,,Taeniopoda,male,nymph,n,0,,
tt5,,,Taeniopoda tamaulipensis,Romalea tamaulipensis,MX,Hidalgo,Metztitlan,Jilotla,20.54892,-98.74942,Ago/8/2021,Orthoptera,Caelifera,Romaleidae,Romaleinae,,Taeniopoda,male,nymph,n,0,,
tt6,,,Taeniopoda tamaulipensis,Romalea tamaulipensis,MX,Hidalgo,Metztitlan,Jilotla,20.54892,-98.74942,Ago/8/2021,Orthoptera,Caelifera,Romaleidae,Romaleinae,,Taeniopoda,female,nymph,n,0,,
Taec1,Taec1,,Taeniopoda centurio,Romalea centurio,MX,Hidalgo,Huejutla de Reyes,camino a Mesa de Limatitla,21.07499,-98.41156,Ago/12/2021,Orthoptera,Caelifera,Romaleidae,Romaleinae,,Taeniopoda,male,adult,y,5,,
Taec1,Taec1,,Taeniopoda centurio,Romalea centurio,MX,Hidalgo,Huejutla de Reyes,camino a Mesa de Limatitla,21.07499,-98.41156,Ago/12/2021,Orthoptera,Caelifera,Romaleidae,Romaleinae,,Taeniopoda,male,adult,y,5,,
Taec2,Taec2,R12,Taeniopoda centurio,Romalea centurio,MX,Hidalgo,Huejutla de Reyes,camino a Mesa de Limatitla,21.07499,-98.41156,Ago/12/2021,Orthoptera,Caelifera,Romaleidae,Romaleinae,,Taeniopoda,male,adult,y,?,TAMUIC-IGC-004549,
Taec2,Taec2,R12,Taeniopoda centurio,Romalea centurio,MX,Hidalgo,Huejutla de Reyes,camino a Mesa de Limatitla,21.07499,-98.41156,Ago/12/2021,Orthoptera,Caelifera,Romaleidae,Romaleinae,,Taeniopoda,male,adult,y,?,TAMUIC-IGC-004549,
Rm1,Rm1,,Romalea microptera,Romalea microptera,US,Texas,Richards,Sam Houston; Lone Star Hiking Trail,30.53682,-95.781282,Aug/28/2021,Orthoptera,Caelifera,Romaleidae,Romaleinae,,Romalea,male,adult,n,0,,
Rm2,Rm2,,Romalea microptera,Romalea microptera,US,Texas,Richards,Sam Houston; Lone Star Hiking Trail,30.53682,-95.781282,Aug/28/2021,Orthoptera,Caelifera,Romaleidae,Romaleinae,,Romalea,male,adult,n,0,,
Rm3,Rm3,,Romalea microptera,Romalea microptera,US,Texas,Richards,Sam Houston; Lone Star Hiking Trail,30.53682,-95.781282,Aug/28/2021,Orthoptera,Caelifera,Romaleidae,Romaleinae,,Romalea,female,adult,y,4,,
Rm3,Rm3,,Romalea microptera,Romalea microptera,US,Texas,Richards,Sam Houston; Lone Star Hiking Trail,30.53682,-95.781282,Aug/28/2021,Orthoptera,Caelifera,Romaleidae,Romaleinae,,Romalea,female,adult,y,4,,
Rm4,Rm4,,Romalea microptera,Romalea microptera,US,Texas,Richards,Sam Houston; Lone Star Hiking Trail,30.53682,-95.781282,Aug/28/2021,Orthoptera,Caelifera,Romaleidae,Romaleinae,,Romalea,male,adult,y,5,,
Rm4,Rm4,,Romalea microptera,Romalea microptera,US,Texas,Richards,Sam Houston; Lone Star Hiking Trail,30.53682,-95.781282,Aug/28/2021,Orthoptera,Caelifera,Romaleidae,Romaleinae,,Romalea,male,adult,y,5,,
Rm4,Rm4,,Romalea microptera,Romalea microptera,US,Texas,Richards,Sam Houston; Lone Star Hiking Trail,30.53682,-95.781282,Aug/28/2021,Orthoptera,Caelifera,Romaleidae,Romaleinae,,Romalea,male,adult,y,5,,
Rm4,Rm4,,Romalea microptera,Romalea microptera,US,Texas,Richards,Sam Houston; Lone Star Hiking Trail,30.53682,-95.781282,Aug/28/2021,Orthoptera,Caelifera,Romaleidae,Romaleinae,,Romalea,male,adult,y,5,,
Rm4,Rm4,,Romalea microptera,Romalea microptera,US,Texas,Richards,Sam Houston; Lone Star Hiking Trail,30.53682,-95.781282,Aug/28/2021,Orthoptera,Caelifera,Romaleidae,Romaleinae,,Romalea,male,adult,y,5,,
Rm5,Rm5,,Romalea microptera,Romalea microptera,US,Texas,Richards,Sam Houston; Lone Star Hiking Trail,30.53682,-95.781282,Aug/28/2021,Orthoptera,Caelifera,Romaleidae,Romaleinae,,Romalea,female,adult,n,0,,
Rm6,Rm6,R33,Romalea microptera,Romalea microptera,US,Texas,Richards,Sam Houston; Lone Star Hiking Trail,30.53682,-95.781282,Aug/28/2021,Orthoptera,Caelifera,Romaleidae,Romaleinae,,Romalea,male,adult,n,0,TAMUIC-IGC-004570,
Rm6,Rm6,R33,Romalea microptera,Romalea microptera,US,Texas,Richards,Sam Houston; Lone Star Hiking Trail,30.53682,-95.781282,Aug/28/2021,Orthoptera,Caelifera,Romaleidae,Romaleinae,,Romalea,male,adult,n,whole gut,TAMUIC-IGC-004570,
Rm7,Rm7,,Romalea microptera,Romalea microptera,US,Texas,Richards,Sam Houston; Lone Star Hiking Trail,30.53682,-95.781282,Aug/28/2021,Orthoptera,Caelifera,Romaleidae,Romaleinae,,Romalea,female,adult,n,0,,
Rm_BR_30Jun23_1,,,Romalea microptera,Romalea microptera,US,Lousiana,Baton Rouge,Bayou Manchac Park,30.348023,-90.987638,Jun/30/2023,Orthoptera,Caelifera,Romaleidae,Romaleinae,,Romalea,female,adult,n,0,,
Rm_BR_30Jun23_2,,R15,Romalea microptera,Romalea microptera,US,Lousiana,Baton Rouge,Bayou Manchac Park,30.348023,-90.987638,Jun/30/2023,Orthoptera,Caelifera,Romaleidae,Romaleinae,,Romalea,male,adult,n,0,TAMUIC-IGC-004552,
Rm_BR_30Jun23_3,,,Romalea microptera,Romalea microptera,US,Lousiana,Baton Rouge,Bayou Manchac Park,30.348023,-90.987638,Jun/30/2023,Orthoptera,Caelifera,Romaleidae,Romaleinae,,Romalea,female,adult,n,0,,
Rm_BC_29Jun23_4,Rm4,R16,Romalea microptera,Romalea microptera,US,Florida,Big Cypress,Road to Burns Lake Campground (South Florida),25.877455,-81.23013,Jun/29/2023,Orthoptera,Caelifera,Romaleidae,Romaleinae,,Romalea,male,adult,y,6,TAMUIC-IGC-004553,
Rm_BC_29Jun23_5,,,Romalea microptera,Romalea microptera,US,Florida,Big Cypress,Road to Burns Lake Campground (South Florida),25.877455,-81.23013,Jun/29/2023,Orthoptera,Caelifera,Romaleidae,Romaleinae,,Romalea,female,adult,n,0,,
Rm_BC_29Jun23_6,Rm6,,Romalea microptera,Romalea microptera,US,Florida,Big Cypress,Road to Burns Lake Campground (South Florida),25.877455,-81.23013,Jun/29/2023,Orthoptera,Caelifera,Romaleidae,Romaleinae,,Romalea,male,adult,y,42,,
Rm_BC_29Jun23_6,Rm6,,Romalea microptera,Romalea microptera,US,Florida,Big Cypress,Road to Burns Lake Campground (South Florida),25.877455,-81.23013,Jun/29/2023,Orthoptera,Caelifera,Romaleidae,Romaleinae,,Romalea,male,adult,y,42,,
Rm_BC_29Jun23_7,Rm6,,Romalea microptera,Romalea microptera,US,Florida,Big Cypress,Road to Burns Lake Campground (South Florida),25.877455,-81.23013,Jun/29/2023,Orthoptera,Caelifera,Romaleidae,Romaleinae,,Romalea,male,adult,y,120,,
Rm_BC_29Jun23_7,Rm6,,Romalea microptera,Romalea microptera,US,Florida,Big Cypress,Road to Burns Lake Campground (South Florida),25.877455,-81.23013,Jun/29/2023,Orthoptera,Caelifera,Romaleidae,Romaleinae,,Romalea,male,adult,y,120,,
Rm_BC_29Jun23_7,Rm6,,Romalea microptera,Romalea microptera,US,Florida,Big Cypress,Road to Burns Lake Campground (South Florida),25.877455,-81.23013,Jun/29/2023,Orthoptera,Caelifera,Romaleidae,Romaleinae,,Romalea,male,adult,y,120,,
Rm_BC_29Jun23_7,Rm6,,Romalea microptera,Romalea microptera,US,Florida,Big Cypress,Road to Burns Lake Campground (South Florida),25.877455,-81.23013,Jun/29/2023,Orthoptera,Caelifera,Romaleidae,Romaleinae,,Romalea,male,adult,y,120,,
Rm_D_1Jun23_8,Rm8,,Romalea microptera,Romalea microptera,US,Alabama,Daphne,Village Point Park Preserve,30.628351,-87.919589,Jun/1/2023,Orthoptera,Caelifera,Romaleidae,Romaleinae,,Romalea,female,adult,y,1,,Black Romalea
Rm_D_1Jun23_9,Rm9,,Romalea microptera,Romalea microptera,US,Alabama,Daphne,Village Point Park Preserve,30.628351,-87.919589,Jun/1/2023,Orthoptera,Caelifera,Romaleidae,Romaleinae,,Romalea,female,adult,y,60,,Black Romalea
Rm_D_1Jun23_9,Rm9,,Romalea microptera,Romalea microptera,US,Alabama,Daphne,Village Point Park Preserve,30.628351,-87.919589,Jun/1/2023,Orthoptera,Caelifera,Romaleidae,Romaleinae,,Romalea,female,adult,y,60,,Black Romalea
Rm_D_1Jun23_9,Rm9,,Romalea microptera,Romalea microptera,US,Alabama,Daphne,Village Point Park Preserve,30.628351,-87.919589,Jun/1/2023,Orthoptera,Caelifera,Romaleidae,Romaleinae,,Romalea,female,adult,y,60,,Black Romalea
Rm_D_1Jun23_9,Rm9,,Romalea microptera,Romalea microptera,US,Alabama,Daphne,Village Point Park Preserve,30.628351,-87.919589,Jun/1/2023,Orthoptera,Caelifera,Romaleidae,Romaleinae,,Romalea,female,adult,y,60,,Black Romalea
Rm_D_1Jun23_10,Rm10,,Romalea microptera,Romalea microptera,US,Alabama,Daphne,Village Point Park Preserve,30.628351,-87.919589,Jun/1/2023,Orthoptera,Caelifera,Romaleidae,Romaleinae,,Romalea,male,adult,y,40,,Black Romalea
Rm_D_1Jun23_10,Rm10,,Romalea microptera,Romalea microptera,US,Alabama,Daphne,Village Point Park Preserve,30.628351,-87.919589,Jun/1/2023,Orthoptera,Caelifera,Romaleidae,Romaleinae,,Romalea,male,adult,y,40,,Black Romalea
Rm_D_1Jun23_10,Rm10,,Romalea microptera,Romalea microptera,US,Alabama,Daphne,Village Point Park Preserve,30.628351,-87.919589,Jun/1/2023,Orthoptera,Caelifera,Romaleidae,Romaleinae,,Romalea,male,adult,y,40,,Black Romalea
Rm_D_1Jun23_11,,,Romalea microptera,Romalea microptera,US,Alabama,Daphne,Village Point Park Preserve,30.628351,-87.919589,Jun/1/2023,Orthoptera,Caelifera,Romaleidae,Romaleinae,,Romalea,female,adult,n,0,,
Rm_D_1Jun23_12,Rm12,,Romalea microptera,Romalea microptera,US,Alabama,Daphne,Village Point Park Preserve,30.628351,-87.919589,Jun/1/2023,Orthoptera,Caelifera,Romaleidae,Romaleinae,,Romalea,male,adult,y,30,,Black Romalea
Rm_D_1Jun23_12,Rm12,,Romalea microptera,Romalea microptera,US,Alabama,Daphne,Village Point Park Preserve,30.628351,-87.919589,Jun/1/2023,Orthoptera,Caelifera,Romaleidae,Romaleinae,,Romalea,male,adult,y,30,,Black Romalea
Rm_D_1Jun23_13,Rm13,,Romalea microptera,Romalea microptera,US,Alabama,Daphne,Village Point Park Preserve,30.628351,-87.919589,Jun/1/2023,Orthoptera,Caelifera,Romaleidae,Romaleinae,,Romalea,male,adult,y,25,,Black Romalea
Rm_D_1Jun23_14,Rm14,,Romalea microptera,Romalea microptera,US,Alabama,Daphne,Village Point Park Preserve,30.628351,-87.919589,Jun/1/2023,Orthoptera,Caelifera,Romaleidae,Romaleinae,,Romalea,male,adult,y,125,,Black Romalea
Rm_D_1Jun23_14,Rm14,,Romalea microptera,Romalea microptera,US,Alabama,Daphne,Village Point Park Preserve,30.628351,-87.919589,Jun/1/2023,Orthoptera,Caelifera,Romaleidae,Romaleinae,,Romalea,male,adult,y,125,,Black Romalea
Rm_D_1Jun23_14,Rm14,,Romalea microptera,Romalea microptera,US,Alabama,Daphne,Village Point Park Preserve,30.628351,-87.919589,Jun/1/2023,Orthoptera,Caelifera,Romaleidae,Romaleinae,,Romalea,male,adult,y,125,,Black Romalea
Rm_D_1Jun23_14,Rm14,,Romalea microptera,Romalea microptera,US,Alabama,Daphne,Village Point Park Preserve,30.628351,-87.919589,Jun/1/2023,Orthoptera,Caelifera,Romaleidae,Romaleinae,,Romalea,male,adult,y,125,,Black Romalea
Rm_D_1Jun23_14,Rm14,,Romalea microptera,Romalea microptera,US,Alabama,Daphne,Village Point Park Preserve,30.628351,-87.919589,Jun/1/2023,Orthoptera,Caelifera,Romaleidae,Romaleinae,,Romalea,male,adult,y,125,,Black Romalea
Rm_D_1Jun23_15,Rm15,,Romalea microptera,Romalea microptera,US,Alabama,Daphne,Village Point Park Preserve,30.628351,-87.919589,Jun/1/2023,Orthoptera,Caelifera,Romaleidae,Romaleinae,,Romalea,female,adult,y,?,,Black Romalea. Whole gut fixed
Rm_D_1Jun23_16,Rm16,,Romalea microptera,Romalea microptera,US,Alabama,Daphne,Village Point Park Preserve,30.628351,-87.919589,Jun/1/2023,Orthoptera,Caelifera,Romaleidae,Romaleinae,,Romalea,female,nymph,y,?,,Black Romalea. Whole gut fixed
Rm_D_1Jun23_17,Rm17,,Romalea microptera,Romalea microptera,US,Alabama,Daphne,Village Point Park Preserve,30.628351,-87.919589,Jun/1/2023,Orthoptera,Caelifera,Romaleidae,Romaleinae,,Romalea,female,adult,y,?,,Black Romalea. Whole gut fixed
Rm_D_1Jun23_18,Rm18,,Romalea microptera,Romalea microptera,US,Alabama,Daphne,Village Point Park Preserve,30.628351,-87.919589,Jun/1/2023,Orthoptera,Caelifera,Romaleidae,Romaleinae,,Romalea,male,adult,y,?,,Black Romalea. Whole gut fixed
Rm_D_1Jun23_19,Rm19,,Romalea microptera,Romalea microptera,US,Alabama,Daphne,Village Point Park Preserve,30.628351,-87.919589,Jun/1/2023,Orthoptera,Caelifera,Romaleidae,Romaleinae,,Romalea,male,adult,y,?,,Black Romalea. Whole gut fixed
Rm_D_1Jun23_20,Rm20,,Romalea microptera,Romalea microptera,US,Alabama,Daphne,Village Point Park Preserve,30.628351,-87.919589,Jun/1/2023,Orthoptera,Caelifera,Romaleidae,Romaleinae,,Romalea,male,adult,y,?,,Black Romalea. Whole gut fixed
Rm_D_1Jun23_21,Rm21,R14,Romalea microptera,Romalea microptera,US,Alabama,Daphne,Village Point Park Preserve,30.628351,-87.919589,Jun/1/2023,Orthoptera,Caelifera,Romaleidae,Romaleinae,,Romalea,male,adult,y,?,TAMUIC-IGC-004551,Black Romalea. Whole gut fixed
Rm_D_1Jun23_22,Rm22,,Romalea microptera,Romalea microptera,US,Alabama,Daphne,Village Point Park Preserve,30.628351,-87.919589,Jun/1/2023,Orthoptera,Caelifera,Romaleidae,Romaleinae,,Romalea,female,adult,?,,,Black Romalea. Whole gut fixed
Rm_BC_30Jun23_23,Rm23,,Romalea microptera,Romalea microptera,US,Florida,Big Cypress,Road to Burns Lake Campground (South Florida),25.877455,-81.23013,Jun/29/2023,Orthoptera,Caelifera,Romaleidae,Romaleinae,,Romalea,male,adult,y,?,,Whole gut fixed
Rm_BC_30Jun23_23,Rm23,,Romalea microptera,Romalea microptera,US,Florida,Big Cypress,Road to Burns Lake Campground (South Florida),25.877455,-81.23013,Jun/29/2023,Orthoptera,Caelifera,Romaleidae,Romaleinae,,Romalea,male,adult,y,3,,
Rm_BC_30Jun23_24,Rm24,,Romalea microptera,Romalea microptera,US,Florida,Big Cypress,Road to Burns Lake Campground (South Florida),25.877455,-81.23013,Jun/29/2023,Orthoptera,Caelifera,Romaleidae,Romaleinae,,Romalea,male,adult,y,?,,Whole gut fixed
Rm_BC_30Jun23_25,Rm25,,Romalea microptera,Romalea microptera,US,Florida,Big Cypress,Road to Burns Lake Campground (South Florida),25.877455,-81.23013,Jun/29/2023,Orthoptera,Caelifera,Romaleidae,Romaleinae,,Romalea,male,adult,y,?,,Whole gut fixed
Rm_BC_30Jun23_26,Rm26,,Romalea microptera,Romalea microptera,US,Florida,Big Cypress,Road to Burns Lake Campground (South Florida),25.877455,-81.23013,Jun/29/2023,Orthoptera,Caelifera,Romaleidae,Romaleinae,,Romalea,female,adult,y,100,,
Rm_D_30Jun23_27,Rm27,,Romalea microptera,Romalea microptera,US,Alabama,Daphne,Village Point Park Preserve,30.628351,-87.919589,Jun/29/2023,Orthoptera,Caelifera,Romaleidae,Romaleinae,,Romalea,male,adult,y,150,,Black Romalea
Rm_BC_30Jun23_28,,,Romalea microptera,Romalea microptera,US,Florida,Big Cypress,Road to Burns Lake Campground (South Florida),25.877455,-81.23013,Jun/29/2023,Orthoptera,Caelifera,Romaleidae,Romaleinae,,Romalea,male,adult,n,0,,
Rm_HH_5Jul23_29,,,Romalea microptera,Romalea microptera,US,Florida,Sebring,Highlands Hammock State Park,27.471685,-81.55249,Jul/5/2023,Orthoptera,Caelifera,Romaleidae,Romaleinae,,Romalea,female,adult,n,0,,
Rm_HH_5Jul23_30,,,Romalea microptera,Romalea microptera,US,Florida,Sebring,Highlands Hammock State Park,27.471685,-81.55249,Jul/5/2023,Orthoptera,Caelifera,Romaleidae,Romaleinae,,Romalea,female,adult,n,0,,
Rm_HH_5Jul23_31,Rm31,,Romalea microptera,Romalea microptera,US,Florida,Sebring,Highlands Hammock State Park,27.471685,-81.55249,Jul/5/2023,Orthoptera,Caelifera,Romaleidae,Romaleinae,,Romalea,female,adult,n,0,,
Rm_HH_5Jul23_32,,,Romalea microptera,Romalea microptera,US,Florida,Sebring,Highlands Hammock State Park,27.471685,-81.55249,Jul/5/2023,Orthoptera,Caelifera,Romaleidae,Romaleinae,,Romalea,female,adult,n,0,,
Rm_HH_5Jul23_33,,R13,Romalea microptera,Romalea microptera,US,Florida,Sebring,Highlands Hammock State Park,27.471685,-81.55249,Jul/5/2023,Orthoptera,Caelifera,Romaleidae,Romaleinae,,Romalea,male,adult,n,0,TAMUIC-IGC-004550,
Rm_SM_11Jul2023_34,,,Romalea microptera,Romalea microptera,US,Florida,Crawfordville,Saint Marks National Wildlife Refuge,30.127161,-84.142822,Jul/11/2023,Orthoptera,Caelifera,Romaleidae,Romaleinae,,Romalea,male,adult,n,0,,
Rm_SM_11Jul2023_35,,,Romalea microptera,Romalea microptera,US,Florida,Crawfordville,Saint Marks National Wildlife Refuge,30.127161,-84.142822,Jul/11/2023,Orthoptera,Caelifera,Romaleidae,Romaleinae,,Romalea,female,adult,n,0,,
Rm_SM_11Jul2023_36,,R17,Romalea microptera,Romalea microptera,US,Florida,Crawfordville,Saint Marks National Wildlife Refuge,30.127161,-84.142822,Jul/11/2023,Orthoptera,Caelifera,Romaleidae,Romaleinae,,Romalea,male,adult,n,0,TAMUIC-IGC-004554,
Rm_SM_11Jul2023_37,,,Romalea microptera,Romalea microptera,US,Florida,Crawfordville,Saint Marks National Wildlife Refuge,30.127161,-84.142822,Jul/11/2023,Orthoptera,Caelifera,Romaleidae,Romaleinae,,Romalea,female,adult,n,0,,
Rm_SM_11Jul2023_38,,,Romalea microptera,Romalea microptera,US,Florida,Crawfordville,Saint Marks National Wildlife Refuge,30.127161,-84.142822,Jul/11/2023,Orthoptera,Caelifera,Romaleidae,Romaleinae,,Romalea,male,adult,n,0,,
Rm_SM_11Jul2023_39,,,Romalea microptera,Romalea microptera,US,Florida,Crawfordville,Saint Marks National Wildlife Refuge,30.127161,-84.142822,Jul/11/2023,Orthoptera,Caelifera,Romaleidae,Romaleinae,,Romalea,male,adult,n,0,,
Rm_SM_11Jul2023_40,,,Romalea microptera,Romalea microptera,US,Florida,Crawfordville,Saint Marks National Wildlife Refuge,30.127161,-84.142822,Jul/11/2023,Orthoptera,Caelifera,Romaleidae,Romaleinae,,Romalea,male,adult,n,0,,
Rm_SM_11Jul2023_41,Rm41,,Romalea microptera,Romalea microptera,US,Florida,Crawfordville,Saint Marks National Wildlife Refuge,30.127161,-84.142822,Jul/11/2023,Orthoptera,Caelifera,Romaleidae,Romaleinae,,Romalea,male,adult,y,1,,
Rm_SM_11Jul2023_42,Rm42,,Romalea microptera,Romalea microptera,US,Florida,Crawfordville,Saint Marks National Wildlife Refuge,30.127161,-84.142822,Jul/11/2023,Orthoptera,Caelifera,Romaleidae,Romaleinae,,Romalea,male,adult,n,0,,
Rm_SM_11Jul2023_43,,,Romalea microptera,Romalea microptera,US,Florida,Crawfordville,Saint Marks National Wildlife Refuge,30.127161,-84.142822,Jul/11/2023,Orthoptera,Caelifera,Romaleidae,Romaleinae,,Romalea,male,adult,n,0,,
Rm_SM_11Jul2023_44,,,Romalea microptera,Romalea microptera,US,Florida,Crawfordville,Saint Marks National Wildlife Refuge,30.127161,-84.142822,Jul/11/2023,Orthoptera,Caelifera,Romaleidae,Romaleinae,,Romalea,male,adult,n,0,,
Rm_SM_11Jul2023_45,,,Romalea microptera,Romalea microptera,US,Florida,Crawfordville,Saint Marks National Wildlife Refuge,30.127161,-84.142822,Jul/11/2023,Orthoptera,Caelifera,Romaleidae,Romaleinae,,Romalea,male,adult,n,0,,
Rm_SM_11Jul2023_46,,,Romalea microptera,Romalea microptera,US,Florida,Crawfordville,Saint Marks National Wildlife Refuge,30.127161,-84.142822,Jul/11/2023,Orthoptera,Caelifera,Romaleidae,Romaleinae,,Romalea,male,adult,n,0,,
Rm_SM_11Jul2023_47,,,Romalea microptera,Romalea microptera,US,Florida,Crawfordville,Saint Marks National Wildlife Refuge,30.127161,-84.142822,Jul/11/2023,Orthoptera,Caelifera,Romaleidae,Romaleinae,,Romalea,male,adult,n,0,,
Rm_SM_11Jul2023_48,,,Romalea microptera,Romalea microptera,US,Florida,Crawfordville,Saint Marks National Wildlife Refuge,30.127161,-84.142822,Jul/11/2023,Orthoptera,Caelifera,Romaleidae,Romaleinae,,Romalea,female,adult,n,0,,
Rm_SM_11Jul2023_49,,,Romalea microptera,Romalea microptera,US,Florida,Crawfordville,Saint Marks National Wildlife Refuge,30.127161,-84.142822,Jul/11/2023,Orthoptera,Caelifera,Romaleidae,Romaleinae,,Romalea,male,adult,n,0,,
Rm_SM_11Jul2023_50,,,Romalea microptera,Romalea microptera,US,Florida,Crawfordville,Saint Marks National Wildlife Refuge,30.127161,-84.142822,Jul/11/2023,Orthoptera,Caelifera,Romaleidae,Romaleinae,,Romalea,male,adult,n,0,,
Rm_SM_11Jul2023_51,,,Romalea microptera,Romalea microptera,US,Florida,Crawfordville,Saint Marks National Wildlife Refuge,30.127161,-84.142822,Jul/11/2023,Orthoptera,Caelifera,Romaleidae,Romaleinae,,Romalea,male,adult,n,0,,
Rm_SM_11Jul2023_52,,,Romalea microptera,Romalea microptera,US,Florida,Crawfordville,Saint Marks National Wildlife Refuge,30.127161,-84.142822,Jul/11/2023,Orthoptera,Caelifera,Romaleidae,Romaleinae,,Romalea,male,adult,n,0,,
Rm_SM_11Jul2023_53,,,Romalea microptera,Romalea microptera,US,Florida,Crawfordville,Saint Marks National Wildlife Refuge,30.127161,-84.142822,Jul/11/2023,Orthoptera,Caelifera,Romaleidae,Romaleinae,,Romalea,male,adult,n,0,,
Rm_OS_12Jul2023_54,,,Romalea microptera,Romalea microptera,US,Mississippi,Ocean Springs,GCRL Marine Education Center,30.390956,-88.77576,Jul/12/2023,Orthoptera,Caelifera,Romaleidae,Romaleinae,,Romalea,female,adult,n,0,,
Rm_OS_12Jul2023_55,Rm55,,Romalea microptera,Romalea microptera,US,Mississippi,Ocean Springs,GCRL Marine Education Center,30.390956,-88.77576,Jul/12/2023,Orthoptera,Caelifera,Romaleidae,Romaleinae,,Romalea,male,adult,y,1000,,
Rm_OS_12Jul2023_55,Rm55,,Romalea microptera,Romalea microptera,US,Mississippi,Ocean Springs,GCRL Marine Education Center,30.390956,-88.77576,Jul/12/2023,Orthoptera,Caelifera,Romaleidae,Romaleinae,,Romalea,male,adult,y,100,,
Rm_OS_12Jul2023_56,Rm56,,Romalea microptera,Romalea microptera,US,Mississippi,Ocean Springs,GCRL Marine Education Center,30.390956,-88.77576,Jul/12/2023,Orthoptera,Caelifera,Romaleidae,Romaleinae,,Romalea,female,adult,y,10,,
Rm_OS_12Jul2023_57,Rm57,,Romalea microptera,Romalea microptera,US,Mississippi,Ocean Springs,GCRL Marine Education Center,30.390956,-88.77576,Jul/12/2023,Orthoptera,Caelifera,Romaleidae,Romaleinae,,Romalea,female,adult,y,60,,
Rm_OS_12Jul2023_58,Rm58,,Romalea microptera,Romalea microptera,US,Mississippi,Ocean Springs,Nature's way trail,30.397594,-88.789983,Jul/12/2023,Orthoptera,Caelifera,Romaleidae,Romaleinae,,Romalea,female,adult,y,1000,,
Rm_OS_12Jul2023_58,Rm58,,Romalea microptera,Romalea microptera,US,Mississippi,Ocean Springs,Nature's way trail,30.397594,-88.789983,Jul/12/2023,Orthoptera,Caelifera,Romaleidae,Romaleinae,,Romalea,female,adult,y,1000,,
Rm_OS_12Jul2023_58,Rm58,,Romalea microptera,Romalea microptera,US,Mississippi,Ocean Springs,Nature's way trail,30.397594,-88.789983,Jul/12/2023,Orthoptera,Caelifera,Romaleidae,Romaleinae,,Romalea,female,adult,y,1000,,
Rm_OS_12Jul2023_59,,R18,Romalea microptera,Romalea microptera,US,Mississippi,Ocean Springs,Nature's way trail,30.397594,-88.789983,Jul/12/2023,Orthoptera,Caelifera,Romaleidae,Romaleinae,,Romalea,male,adult,y,?,TAMUIC-IGC-004555,
Rm_OS_12Jul2023_60,Rm60,,Romalea microptera,Romalea microptera,US,Mississippi,Ocean Springs,Nature's way trail,30.397594,-88.789983,Jul/12/2023,Orthoptera,Caelifera,Romaleidae,Romaleinae,,Romalea,female,adult,y,50,,
Rm_OS_12Jul2023_61,,,Romalea microptera,Romalea microptera,US,Mississippi,Ocean Springs,Nature's way trail,30.397594,-88.789983,Jul/12/2023,Orthoptera,Caelifera,Romaleidae,Romaleinae,,Romalea,male,adult,n,0,,
Rm_OS_12Jul2023_62,Rm62,,Romalea microptera,Romalea microptera,US,Mississippi,Ocean Springs,Nature's way trail,30.397594,-88.789983,Jul/12/2023,Orthoptera,Caelifera,Romaleidae,Romaleinae,,Romalea,female,adult,y,100,,
Rm_OS_12Jul2023_63,Rm63,,Romalea microptera,Romalea microptera,US,Mississippi,Ocean Springs,Nature's way trail,30.397594,-88.789983,Jul/12/2023,Orthoptera,Caelifera,Romaleidae,Romaleinae,,Romalea,male,adult,y,20,,
Rm_OS_12Jul2023_64,Rm64,,Romalea microptera,Romalea microptera,US,Mississippi,Ocean Springs,Nature's way trail,30.397594,-88.789983,Jul/12/2023,Orthoptera,Caelifera,Romaleidae,Romaleinae,,Romalea,female,adult,y,120,,
Rm_OS_12Jul2023_65,Rm65,,Romalea microptera,Romalea microptera,US,Mississippi,Ocean Springs,Nature's way trail,30.397594,-88.789983,Jul/12/2023,Orthoptera,Caelifera,Romaleidae,Romaleinae,,Romalea,male,adult,y,5,,
Rm_OS_12Jul2023_66,,,Romalea microptera,Romalea microptera,US,Florida,Crawfordville,Saint Marks National Wildlife Refuge,30.127161,-84.142822,Jul/11/2023,Orthoptera,Caelifera,Romaleidae,Romaleinae,,Romalea,male,adult,n,0,,
Rm_OS_12Jul2023_67,,,Romalea microptera,Romalea microptera,US,Florida,Crawfordville,Saint Marks National Wildlife Refuge,30.127161,-84.142822,Jul/11/2023,Orthoptera,Caelifera,Romaleidae,Romaleinae,,Romalea,female,adult,n,0,,
Rm_OS_12Jul2023_68,,,Romalea microptera,Romalea microptera,US,Florida,Crawfordville,Saint Marks National Wildlife Refuge,30.127161,-84.142822,Jul/11/2023,Orthoptera,Caelifera,Romaleidae,Romaleinae,,Romalea,female,adult,n,0,,
Rm_OS_12Jul2023_69,,,Romalea microptera,Romalea microptera,US,Florida,Crawfordville,Saint Marks National Wildlife Refuge,30.127161,-84.142822,Jul/11/2023,Orthoptera,Caelifera,Romaleidae,Romaleinae,,Romalea,male,adult,n,0,,
Rm_OS_12Jul2023_70,,,Romalea microptera,Romalea microptera,US,Florida,Crawfordville,Saint Marks National Wildlife Refuge,30.127161,-84.142822,Jul/11/2023,Orthoptera,Caelifera,Romaleidae,Romaleinae,,Romalea,male,adult,n,0,,
Rm_OS_12Jul2023_71,,,Romalea microptera,Romalea microptera,US,Florida,Crawfordville,Saint Marks National Wildlife Refuge,30.127161,-84.142822,Jul/11/2023,Orthoptera,Caelifera,Romaleidae,Romaleinae,,Romalea,male,adult,n,0,,
Rm_OS_12Jul2023_72,,,Romalea microptera,Romalea microptera,US,Florida,Crawfordville,Saint Marks National Wildlife Refuge,30.127161,-84.142822,Jul/11/2023,Orthoptera,Caelifera,Romaleidae,Romaleinae,,Romalea,male,adult,n,0,,
Rm_OS_12Jul2023_73,,,Romalea microptera,Romalea microptera,US,Florida,Crawfordville,Saint Marks National Wildlife Refuge,30.127161,-84.142822,Jul/11/2023,Orthoptera,Caelifera,Romaleidae,Romaleinae,,Romalea,male,adult,n,0,,
Rm_OS_12Jul2023_74,,,Romalea microptera,Romalea microptera,US,Florida,Crawfordville,Saint Marks National Wildlife Refuge,30.127161,-84.142822,Jul/11/2023,Orthoptera,Caelifera,Romaleidae,Romaleinae,,Romalea,male,adult,n,0,,
Rm_OS_12Jul2023_75,,,Romalea microptera,Romalea microptera,US,Florida,Crawfordville,Saint Marks National Wildlife Refuge,30.127161,-84.142822,Jul/11/2023,Orthoptera,Caelifera,Romaleidae,Romaleinae,,Romalea,male,adult,n,0,,
Rm_OS_12Jul2023_76,,,Romalea microptera,Romalea microptera,US,Florida,Crawfordville,Saint Marks National Wildlife Refuge,30.127161,-84.142822,Jul/11/2023,Orthoptera,Caelifera,Romaleidae,Romaleinae,,Romalea,male,adult,n,0,,
Rm_OS_12Jul2023_77,,,Romalea microptera,Romalea microptera,US,Mississippi,Ocean Springs,Nature's way trail,30.397594,-88.789983,Jul/12/2023,Orthoptera,Caelifera,Romaleidae,Romaleinae,,Romalea,male,adult,n,0,,
Rm_OS_12Jul2023_78,Rm78,,Romalea microptera,Romalea microptera,US,Mississippi,Ocean Springs,Nature's way trail,30.397594,-88.789983,Jul/12/2023,Orthoptera,Caelifera,Romaleidae,Romaleinae,,Romalea,male,adult,y,7,,
Rm_OS_12Jul2023_79,Rm79,,Romalea microptera,Romalea microptera,US,Mississippi,Ocean Springs,Nature's way trail,30.397594,-88.789983,Jul/12/2023,Orthoptera,Caelifera,Romaleidae,Romaleinae,,Romalea,female,adult,y,50,,
Rm_OS_12Jul2023_79,Rm79,,Romalea microptera,Romalea microptera,US,Mississippi,Ocean Springs,Nature's way trail,30.397594,-88.789983,Jul/12/2023,Orthoptera,Caelifera,Romaleidae,Romaleinae,,Romalea,female,adult,y,50,,
Rm_OS_12Jul2023_80,Rm80,,Romalea microptera,Romalea microptera,US,Mississippi,Ocean Springs,Nature's way trail,30.397594,-88.789983,Jul/12/2023,Orthoptera,Caelifera,Romaleidae,Romaleinae,,Romalea,male,adult,y,20,,
Tv_SC_27Jul2023_1,,,Taeniopoda varipennis,Romalea varipennis,CR,Guanacaste,Santa Cruz,In playa flamingo; near casa banana luna,10.4415128,-85.7933256,Jul/27/2023,Orthoptera,Caelifera,Romaleidae,Romaleinae,,Taeniopoda,female,nymph,n,0,,
Tv_SC_27Jul2023_2,,,Taeniopoda varipennis,Romalea varipennis,CR,Guanacaste,Santa Cruz,In playa flamingo; near casa banana luna,10.4414795,-85.7926598,Jul/27/2023,Orthoptera,Caelifera,Romaleidae,Romaleinae,,Taeniopoda,male,nymph,n,0,,
Tv_SC_25Jul2023_3,Tv3,,Taeniopoda varipennis,Romalea varipennis,CR,Puntarenas,Quepos,Manuel Antonio neighborhood in Love Indian Cuisine garden,9.408754,-84.157767,Jul/25/2023,Orthoptera,Caelifera,Romaleidae,Romaleinae,,Taeniopoda,female,adult,y,15,,
Tv_SC_25Jul2023_4,Tv4,,Taeniopoda varipennis,Romalea varipennis,CR,Puntarenas,Quepos,Manuel Antonio neighborhood in Love Indian Cuisine garden,9.408754,-84.157767,Jul/25/2023,Orthoptera,Caelifera,Romaleidae,Romaleinae,,Taeniopoda,female,adult,y,45,,
Tv_SC_25Jul2023_5,Tv5,,Taeniopoda varipennis,Romalea varipennis,CR,Puntarenas,Quepos,Manuel Antonio neighborhood in Love Indian Cuisine garden,9.408754,-84.157767,Jul/25/2023,Orthoptera,Caelifera,Romaleidae,Romaleinae,,Taeniopoda,female,adult,y,150,,
Tv_SC_25Jul2023_6,Tv6,,Taeniopoda varipennis,Romalea varipennis,CR,Puntarenas,Quepos,Manuel Antonio neighborhood in Love Indian Cuisine garden,9.408754,-84.157767,Jul/25/2023,Orthoptera,Caelifera,Romaleidae,Romaleinae,,Taeniopoda,female,adult,y,150,,
Tv_SC_25Jul2023_7,Tv7,,Taeniopoda varipennis,Romalea varipennis,CR,Puntarenas,Quepos,Manuel Antonio neighborhood in Love Indian Cuisine garden,9.408754,-84.157767,Jul/25/2023,Orthoptera,Caelifera,Romaleidae,Romaleinae,,Taeniopoda,female,adult,y,15,,
Tv_SC_25Jul2023_8,Tv8,,Taeniopoda varipennis,Romalea varipennis,CR,Puntarenas,Quepos,Manuel Antonio neighborhood in Love Indian Cuisine garden,9.408754,-84.157767,Jul/25/2023,Orthoptera,Caelifera,Romaleidae,Romaleinae,,Taeniopoda,female,adult,y,70,,
Tv_SC_25Jul2023_8,Tv8,,Taeniopoda varipennis,Romalea varipennis,CR,Puntarenas,Quepos,Manuel Antonio neighborhood in Love Indian Cuisine garden,9.408754,-84.157767,Jul/25/2023,Orthoptera,Caelifera,Romaleidae,Romaleinae,,Taeniopoda,female,adult,y,70,,
Tv_SC_25Jul2023_9,Tv9,,Taeniopoda varipennis,Romalea varipennis,CR,Puntarenas,Quepos,Manuel Antonio neighborhood in Love Indian Cuisine garden,9.408754,-84.157767,Jul/25/2023,Orthoptera,Caelifera,Romaleidae,Romaleinae,,Taeniopoda,female,adult,y,30,,
Tv_SC_25Jul2023_10,Tv10,,Taeniopoda varipennis,Romalea varipennis,CR,Puntarenas,Quepos,Manuel Antonio neighborhood in Love Indian Cuisine garden,9.408754,-84.157767,Jul/25/2023,Orthoptera,Caelifera,Romaleidae,Romaleinae,,Taeniopoda,female,adult,y,15,,
Tv_SC_25Jul2023_11,Tv11,,Taeniopoda varipennis,Romalea varipennis,CR,Puntarenas,Quepos,Manuel Antonio neighborhood in Love Indian Cuisine garden,9.408754,-84.157767,Jul/25/2023,Orthoptera,Caelifera,Romaleidae,Romaleinae,,Taeniopoda,male,adult,y,12,,
Tv_SC_25Jul2023_12,Tv12,,Taeniopoda varipennis,Romalea varipennis,CR,Puntarenas,Quepos,Manuel Antonio neighborhood in Love Indian Cuisine garden,9.408754,-84.157767,Jul/25/2023,Orthoptera,Caelifera,Romaleidae,Romaleinae,,Taeniopoda,male,adult,y,250,,
Tv_SC_25Jul2023_13,Tv13,,Taeniopoda varipennis,Romalea varipennis,CR,Puntarenas,Quepos,Manuel Antonio neighborhood in Love Indian Cuisine garden,9.408754,-84.157767,Jul/25/2023,Orthoptera,Caelifera,Romaleidae,Romaleinae,,Taeniopoda,male,adult,y,6,,
Tv_SC_25Jul2023_14,Tv14,,Taeniopoda varipennis,Romalea varipennis,CR,Puntarenas,Quepos,Manuel Antonio neighborhood in Love Indian Cuisine garden,9.408754,-84.157767,Jul/25/2023,Orthoptera,Caelifera,Romaleidae,Romaleinae,,Taeniopoda,male,adult,y,60,,
Tv_SC_25Jul2023_15,Tv15,,Taeniopoda varipennis,Romalea varipennis,CR,Puntarenas,Quepos,Manuel Antonio neighborhood in Love Indian Cuisine garden,9.408754,-84.157767,Jul/25/2023,Orthoptera,Caelifera,Romaleidae,Romaleinae,,Taeniopoda,male,adult,y,90,,
Tv_SC_25Jul2023_15,Tv15,,Taeniopoda varipennis,Romalea varipennis,CR,Puntarenas,Quepos,Manuel Antonio neighborhood in Love Indian Cuisine garden,9.408754,-84.157767,Jul/25/2023,Orthoptera,Caelifera,Romaleidae,Romaleinae,,Taeniopoda,male,adult,y,90,,
Tv_SC_25Jul2023_16,Tv16,,Taeniopoda varipennis,Romalea varipennis,CR,Puntarenas,Quepos,Manuel Antonio neighborhood in Love Indian Cuisine garden,9.408754,-84.157767,Jul/25/2023,Orthoptera,Caelifera,Romaleidae,Romaleinae,,Taeniopoda,male,adult,y,18,,
Tv_SC_25Jul2023_17,Tv17,R8,Taeniopoda varipennis,Romalea varipennis,CR,Puntarenas,Quepos,Manuel Antonio neighborhood in Love Indian Cuisine garden,9.408754,-84.157767,Jul/25/2023,Orthoptera,Caelifera,Romaleidae,Romaleinae,,Taeniopoda,male,adult,y,80,TAMUIC-IGC-004545,
Tv_SC_25Jul2023_18,Tv18,,Taeniopoda varipennis,Romalea varipennis,CR,Puntarenas,Quepos,Manuel Antonio neighborhood in Love Indian Cuisine garden,9.408754,-84.157767,Jul/25/2023,Orthoptera,Caelifera,Romaleidae,Romaleinae,,Taeniopoda,male,adult,y,22,,
Tv_SC_25Jul2023_19,,,Taeniopoda varipennis,Romalea varipennis,CR,Puntarenas,Quepos,Manuel Antonio neighborhood in Love Indian Cuisine garden,9.408754,-84.157767,Jul/25/2023,Orthoptera,Caelifera,Romaleidae,Romaleinae,,Taeniopoda,male,adult,n,0,,
Tv_SC_25Jul2023_20,Tv20,,Taeniopoda varipennis,Romalea varipennis,CR,Puntarenas,Quepos,Manuel Antonio neighborhood in Love Indian Cuisine garden,9.408754,-84.157767,Jul/25/2023,Orthoptera,Caelifera,Romaleidae,Romaleinae,,Taeniopoda,female,adult,y,36,,
Tv_SC_25Jul2023_21,Tv21,,Taeniopoda varipennis,Romalea varipennis,CR,Puntarenas,Quepos,Manuel Antonio neighborhood in Love Indian Cuisine garden,9.408754,-84.157767,Jul/25/2023,Orthoptera,Caelifera,Romaleidae,Romaleinae,,Taeniopoda,female,adult,y,72,,
Tv_SC_25Jul2023_22,Tv22,,Taeniopoda varipennis,Romalea varipennis,CR,Puntarenas,Quepos,Manuel Antonio neighborhood in Love Indian Cuisine garden,9.408754,-84.157767,Jul/25/2023,Orthoptera,Caelifera,Romaleidae,Romaleinae,,Taeniopoda,male,adult,y,13,,
Tv_PC_27Jul2023_23,,,Taeniopoda varipennis,Romalea varipennis,CR,Guanacaste,Coco,Playa del Coco in Parque Amor de Temporada,10.552457,-85.69669,Jul/27/2023,Orthoptera,Caelifera,Romaleidae,Romaleinae,,Taeniopoda,female,adult,n,0,,
Tv_PC_27Jul2023_24,,,Taeniopoda varipennis,Romalea varipennis,CR,Guanacaste,Coco,Playa del Coco in Parque Amor de Temporada,10.552457,-85.69669,Jul/27/2023,Orthoptera,Caelifera,Romaleidae,Romaleinae,,Taeniopoda,male,adult,n,0,,
Tv_PC_27Jul2023_25,,,Taeniopoda varipennis,Romalea varipennis,CR,Guanacaste,Coco,Playa del Coco in Parque Amor de Temporada,10.552457,-85.69669,Jul/27/2023,Orthoptera,Caelifera,Romaleidae,Romaleinae,,Taeniopoda,female,nymph,n,0,,
Tv_PC_27Jul2023_26,,,Taeniopoda varipennis,Romalea varipennis,CR,Guanacaste,Coco,Playa del Coco in Parque Amor de Temporada,10.552457,-85.69669,Jul/27/2023,Orthoptera,Caelifera,Romaleidae,Romaleinae,,Taeniopoda,male,adult,n,0,,
Tv_PC_27Jul2023_27,,,Taeniopoda varipennis,Romalea varipennis,CR,Guanacaste,Coco,Playa del Coco in Parque Amor de Temporada,10.552457,-85.69669,Jul/27/2023,Orthoptera,Caelifera,Romaleidae,Romaleinae,,Taeniopoda,female,adult,n,0,,
Tv_PC_27Jul2023_28,,,Taeniopoda varipennis,Romalea varipennis,CR,Guanacaste,Coco,Playa del Coco in Parque Amor de Temporada,10.552457,-85.69669,Jul/27/2023,Orthoptera,Caelifera,Romaleidae,Romaleinae,,Taeniopoda,male,adult,n,0,,
Tv_PC_27Jul2023_29,,,Taeniopoda varipennis,Romalea varipennis,CR,Guanacaste,Coco,Playa del Coco in Parque Amor de Temporada,10.552457,-85.69669,Jul/27/2023,Orthoptera,Caelifera,Romaleidae,Romaleinae,,Taeniopoda,male,adult,n,0,,
Tv_PC_27Jul2023_30,,,Taeniopoda varipennis,Romalea varipennis,CR,Guanacaste,Coco,Playa del Coco in Parque Amor de Temporada,10.552457,-85.69669,Jul/27/2023,Orthoptera,Caelifera,Romaleidae,Romaleinae,,Taeniopoda,female,adult,n,0,,
Tv_PC_27Jul2023_31,,,Taeniopoda varipennis,Romalea varipennis,CR,Guanacaste,Coco,Playa del Coco in Parque Amor de Temporada,10.552457,-85.69669,Jul/27/2023,Orthoptera,Caelifera,Romaleidae,Romaleinae,,Taeniopoda,female,adult,n,0,,
Tv_PC_27Jul2023_32,,R9,Taeniopoda varipennis,Romalea varipennis,CR,Guanacaste,Coco,Playa del Coco in Parque Amor de Temporada,10.552457,-85.69669,Jul/27/2023,Orthoptera,Caelifera,Romaleidae,Romaleinae,,Taeniopoda,male,adult,n,0,TAMUIC-IGC-004546,
Tv_PC_27Jul2023_33,,,Taeniopoda varipennis,Romalea varipennis,CR,Guanacaste,Coco,Playa del Coco in Parque Amor de Temporada,10.552457,-85.69669,Jul/27/2023,Orthoptera,Caelifera,Romaleidae,Romaleinae,,Taeniopoda,male,nymph,n,0,,
Tv_PC_27Jul2023_34,,,Taeniopoda varipennis,Romalea varipennis,CR,Guanacaste,Coco,Playa del Coco in Parque Amor de Temporada,10.552457,-85.69669,Jul/27/2023,Orthoptera,Caelifera,Romaleidae,Romaleinae,,Taeniopoda,male,adult,n,0,,
Tv_PC_27Jul2023_35,,,Taeniopoda varipennis,Romalea varipennis,CR,Guanacaste,Coco,Playa del Coco in Parque Amor de Temporada,10.552457,-85.69669,Jul/27/2023,Orthoptera,Caelifera,Romaleidae,Romaleinae,,Taeniopoda,female,adult,n,0,,
Tv_PC_27Jul2023_36,,,Taeniopoda varipennis,Romalea varipennis,CR,Guanacaste,Coco,Playa del Coco in Parque Amor de Temporada,10.552457,-85.69669,Jul/27/2023,Orthoptera,Caelifera,Romaleidae,Romaleinae,,Taeniopoda,male,adult,n,0,,
Tv_PC_27Jul2023_37,,,Taeniopoda varipennis,Romalea varipennis,CR,Guanacaste,Coco,Playa del Coco in Parque Amor de Temporada,10.552457,-85.69669,Jul/27/2023,Orthoptera,Caelifera,Romaleidae,Romaleinae,,Taeniopoda,male,nymph,n,0,,
Tv_PC_27Jul2023_38,,,Taeniopoda varipennis,Romalea varipennis,CR,Guanacaste,Coco,Playa del Coco in Parque Amor de Temporada,10.552457,-85.69669,Jul/27/2023,Orthoptera,Caelifera,Romaleidae,Romaleinae,,Taeniopoda,female,adult,n,0,,
Tv_PC_27Jul2023_39,,,Taeniopoda varipennis,Romalea varipennis,CR,Guanacaste,Coco,Playa del Coco in Parque Amor de Temporada,10.552457,-85.69669,Jul/27/2023,Orthoptera,Caelifera,Romaleidae,Romaleinae,,Taeniopoda,male,adult,n,0,,
Tv_PC_27Jul2023_40,,,Taeniopoda varipennis,Romalea varipennis,CR,Guanacaste,Coco,Playa del Coco in Parque Amor de Temporada,10.552457,-85.69669,Jul/27/2023,Orthoptera,Caelifera,Romaleidae,Romaleinae,,Taeniopoda,female,nymph,n,0,,
Tv_PC_27Jul2023_41,,,Taeniopoda varipennis,Romalea varipennis,CR,Guanacaste,Coco,Playa del Coco in Parque Amor de Temporada,10.552457,-85.69669,Jul/27/2023,Orthoptera,Caelifera,Romaleidae,Romaleinae,,Taeniopoda,male,adult,n,0,,
Tv_SC_25Jul2023_42,Tv42,,Taeniopoda varipennis,Romalea varipennis,CR,Puntarenas,Quepos,Manuel Antonio neighborhood in Love Indian Cuisine garden,9.408754,-84.157767,Jul/25/2023,Orthoptera,Caelifera,Romaleidae,Romaleinae,,Taeniopoda,male,nymph,y,97,,
Tv_SC_25Jul2023_43,Tv43,,Taeniopoda varipennis,Romalea varipennis,CR,Puntarenas,Quepos,Manuel Antonio neighborhood in Love Indian Cuisine garden,9.408754,-84.157767,Jul/25/2023,Orthoptera,Caelifera,Romaleidae,Romaleinae,,Taeniopoda,female,adult,y,39,,
Tv_SC_25Jul2023_44,Tv44,,Taeniopoda varipennis,Romalea varipennis,CR,Puntarenas,Quepos,Manuel Antonio neighborhood in Love Indian Cuisine garden,9.408754,-84.157767,Jul/25/2023,Orthoptera,Caelifera,Romaleidae,Romaleinae,,Taeniopoda,female,adult,y,100,,
Tv_SC_25Jul2023_44,Tv44,,Taeniopoda varipennis,Romalea varipennis,CR,Puntarenas,Quepos,Manuel Antonio neighborhood in Love Indian Cuisine garden,9.408754,-84.157767,Jul/25/2023,Orthoptera,Caelifera,Romaleidae,Romaleinae,,Taeniopoda,female,adult,y,100,,
Tv_SC_25Jul2023_45,,,Taeniopoda varipennis,Romalea varipennis,CR,Puntarenas,Quepos,Manuel Antonio neighborhood in Love Indian Cuisine garden,9.408754,-84.157767,Jul/25/2023,Orthoptera,Caelifera,Romaleidae,Romaleinae,,Taeniopoda,male,adult,n,0,,
Tv_SC_25Jul2023_46,,,Taeniopoda varipennis,Romalea varipennis,CR,Puntarenas,Quepos,Manuel Antonio neighborhood in Love Indian Cuisine garden,9.408754,-84.157767,Jul/25/2023,Orthoptera,Caelifera,Romaleidae,Romaleinae,,Taeniopoda,female,adult,y,1,,
Tv_SC_25Jul2023_47,,,Taeniopoda varipennis,Romalea varipennis,CR,Puntarenas,Quepos,Manuel Antonio neighborhood in Love Indian Cuisine garden,9.408754,-84.157767,Jul/25/2023,Orthoptera,Caelifera,Romaleidae,Romaleinae,,Taeniopoda,male,nymph,n,0,,
Tv_SC_25Jul2023_48,,,Taeniopoda varipennis,Romalea varipennis,CR,Guanacaste,Coco,Playa del Coco in Parque Amor de Temporada,10.552457,-85.69669,Jul/27/2023,Orthoptera,Caelifera,Romaleidae,Romaleinae,,Taeniopoda,male,adult,n,0,,
Tv_SC_25Jul2023_49,,,Taeniopoda varipennis,Romalea varipennis,CR,Guanacaste,Coco,Playa del Coco in Parque Amor de Temporada,10.552457,-85.69669,Jul/27/2023,Orthoptera,Caelifera,Romaleidae,Romaleinae,,Taeniopoda,male,nymph,n,0,,
Leg_SC_5Aug2023_1,,,Legua sp.,Legua sp.,CR,Alajuela,San Ramon,Soltis Center TAMU,10.382873,-84.619623,Aug/4/2023,Orthoptera,Caelifera,Romaleidae,Romaleinae,,Legua,female,adult,n,0,,
Mub_LS_8Aug2023_1,,,Munatia biolleyi,Munatia biolleyi,CR,Heredia,Sarapiqui,La Selva Biological Station; succession trail,10.437533,-84.0095,Aug/8/2023,Orthoptera,Caelifera,Romaleidae,Romaleinae,,Munatia,male,adult,n,0,,
Tar_LS_7Aug2023_1,Tar1,R10,Taeniopoda reticulata,Romalea reticulata,CR,Heredia,Sarapiqui,La Selva Biological Station; abandoned house,10.437533,-84.0095,Aug/8/2023,Orthoptera,Caelifera,Romaleidae,Romaleinae,,Taeniopoda,male,adult,y,2,TAMUIC-IGC-004547,
Tar_LS_7Aug2023_2,Tar2,,Taeniopoda reticulata,Romalea reticulata,CR,Heredia,Sarapiqui,La Selva Biological Station; abandoned house,10.437533,-84.0095,Aug/8/2023,Orthoptera,Caelifera,Romaleidae,Romaleinae,,Taeniopoda,female,adult,y,10,,
Tar_LS_7Aug2023_3,Tar3,,Taeniopoda reticulata,Romalea reticulata,CR,Heredia,Sarapiqui,La Selva Biological Station; abandoned house,10.437533,-84.0095,Aug/8/2023,Orthoptera,Caelifera,Romaleidae,Romaleinae,,Taeniopoda,male,adult,y,15,,
Tar_LS_7Aug2023_4,Tar4,,Taeniopoda reticulata,Romalea reticulata,CR,Heredia,Sarapiqui,La Selva Biological Station; abandoned house,10.437533,-84.0095,Aug/8/2023,Orthoptera,Caelifera,Romaleidae,Romaleinae,,Taeniopoda,male,adult,y,47,,
Tar_LS_7Aug2023_5,Tar5,,Taeniopoda reticulata,Romalea reticulata,CR,Heredia,Sarapiqui,La Selva Biological Station; abandoned house,10.437533,-84.0095,Aug/8/2023,Orthoptera,Caelifera,Romaleidae,Romaleinae,,Taeniopoda,male,adult,y,100,,
Tar_LS_7Aug2023_5,Tar5,,Taeniopoda reticulata,Romalea reticulata,CR,Heredia,Sarapiqui,La Selva Biological Station; abandoned house,10.437533,-84.0095,Aug/8/2023,Orthoptera,Caelifera,Romaleidae,Romaleinae,,Taeniopoda,male,adult,y,100,,
Tar_LS_7Aug2023_5,Tar3,,Taeniopoda reticulata,Romalea reticulata,CR,Heredia,Sarapiqui,La Selva Biological Station; abandoned house,10.437533,-84.0095,Aug/8/2023,Orthoptera,Caelifera,Romaleidae,Romaleinae,,Taeniopoda,male,adult,y,100,,
Tar_LS_7Aug2023_6,Tar3,,Taeniopoda reticulata,Romalea reticulata,CR,Heredia,Sarapiqui,La Selva Biological Station; abandoned house,10.437533,-84.0095,Aug/8/2023,Orthoptera,Caelifera,Romaleidae,Romaleinae,,Taeniopoda,male,adult,y,5,,
Tar_LS_7Aug2023_7,Tar7,,Taeniopoda reticulata,Romalea reticulata,CR,Heredia,Sarapiqui,La Selva Biological Station; abandoned house,10.437533,-84.0095,Aug/8/2023,Orthoptera,Caelifera,Romaleidae,Romaleinae,,Taeniopoda,male,adult,y,27,,
Tar_LS_7Aug2023_8,Tar8,,Taeniopoda reticulata,Romalea reticulata,CR,Heredia,Sarapiqui,La Selva Biological Station; abandoned house,10.437533,-84.0095,Aug/8/2023,Orthoptera,Caelifera,Romaleidae,Romaleinae,,Taeniopoda,male,adult,y,20,,
Tar_LS_7Aug2023_9,Tar9,,Taeniopoda reticulata,Romalea reticulata,CR,Heredia,Sarapiqui,La Selva Biological Station; abandoned house,10.437533,-84.0095,Aug/8/2023,Orthoptera,Caelifera,Romaleidae,Romaleinae,,Taeniopoda,male,adult,y,3,,
Tar_LS_7Aug2023_9,Tar9,,Taeniopoda reticulata,Romalea reticulata,CR,Heredia,Sarapiqui,La Selva Biological Station; abandoned house,10.437533,-84.0095,Aug/8/2023,Orthoptera,Caelifera,Romaleidae,Romaleinae,,Taeniopoda,male,adult,y,3,,
Tar_LS_7Aug2023_10,Tar10,,Taeniopoda reticulata,Romalea reticulata,CR,Heredia,Sarapiqui,La Selva Biological Station; abandoned house,10.437533,-84.0095,Aug/8/2023,Orthoptera,Caelifera,Romaleidae,Romaleinae,,Taeniopoda,male,adult,y,125,,
Tar_LS_7Aug2023_10,Tar10,,Taeniopoda reticulata,Romalea reticulata,CR,Heredia,Sarapiqui,La Selva Biological Station; abandoned house,10.437533,-84.0095,Aug/8/2023,Orthoptera,Caelifera,Romaleidae,Romaleinae,,Taeniopoda,male,adult,y,125,,
Tar_LS_7Aug2023_11,Tar11,,Taeniopoda reticulata,Romalea reticulata,CR,Heredia,Sarapiqui,La Selva Biological Station; abandoned house,10.437533,-84.0095,Aug/8/2023,Orthoptera,Caelifera,Romaleidae,Romaleinae,,Taeniopoda,female,adult,y,125,,
Tar_LS_7Aug2023_11,Tar11,,Taeniopoda reticulata,Romalea reticulata,CR,Heredia,Sarapiqui,La Selva Biological Station; abandoned house,10.437533,-84.0095,Aug/8/2023,Orthoptera,Caelifera,Romaleidae,Romaleinae,,Taeniopoda,female,adult,y,125,,
Tar_LS_7Aug2023_12,Tar12,,Taeniopoda reticulata,Romalea reticulata,CR,Heredia,Sarapiqui,La Selva Biological Station; abandoned house,10.437533,-84.0095,Aug/8/2023,Orthoptera,Caelifera,Romaleidae,Romaleinae,,Taeniopoda,male,adult,y,125,,
Tar_LS_7Aug2023_12,Tar12,,Taeniopoda reticulata,Romalea reticulata,CR,Heredia,Sarapiqui,La Selva Biological Station; abandoned house,10.437533,-84.0095,Aug/8/2023,Orthoptera,Caelifera,Romaleidae,Romaleinae,,Taeniopoda,male,adult,y,125,,
Tar_LS_7Aug2023_12,Tar12,,Taeniopoda reticulata,Romalea reticulata,CR,Heredia,Sarapiqui,La Selva Biological Station; abandoned house,10.437533,-84.0095,Aug/8/2023,Orthoptera,Caelifera,Romaleidae,Romaleinae,,Taeniopoda,male,adult,y,125,,
Tar_LS_7Aug2023_13,Tar12,,Taeniopoda reticulata,Romalea reticulata,CR,Heredia,Sarapiqui,La Selva Biological Station; abandoned house,10.437533,-84.0095,Aug/8/2023,Orthoptera,Caelifera,Romaleidae,Romaleinae,,Taeniopoda,female,adult,y,5,,
Tar_LS_7Aug2023_14,Tar14,,Taeniopoda reticulata,Romalea reticulata,CR,Heredia,Sarapiqui,La Selva Biological Station; abandoned house,10.437533,-84.0095,Aug/8/2023,Orthoptera,Caelifera,Romaleidae,Romaleinae,,Taeniopoda,male,adult,y,150,,
Tar_LS_7Aug2023_14,Tar14,,Taeniopoda reticulata,Romalea reticulata,CR,Heredia,Sarapiqui,La Selva Biological Station; abandoned house,10.437533,-84.0095,Aug/8/2023,Orthoptera,Caelifera,Romaleidae,Romaleinae,,Taeniopoda,male,adult,y,150,,
Prl_LS_7Aug2023_1,,,Procolpia lankesteri,Procolpia lankesteri,CR,Heredia,Sarapiqui,La Selva Biological Station; succession trail,10.437533,-84.0095,Aug/8/2023,Orthoptera,Caelifera,Romaleidae,Romaleinae,,Procolpia,female,adult,n,0,,
Prl_LS_7Aug2023_2,Prl2,,Procolpia lankesteri,Procolpia lankesteri,CR,Heredia,Sarapiqui,La Selva Biological Station; succession trail,10.437533,-84.0095,Aug/8/2023,Orthoptera,Caelifera,Romaleidae,Romaleinae,,Procolpia,female,adult,y,6,,
Tar_LS_7Aug2023_15,Tar15,,Taeniopoda reticulata,Romalea reticulata,CR,Heredia,Sarapiqui,La Selva Biological Station; succession trail,10.437533,-84.0095,Aug/8/2023,Orthoptera,Caelifera,Romaleidae,Romaleinae,,Taeniopoda,male,adult,y,31,,
Tar_LS_7Aug2023_15,Tar15,,Taeniopoda reticulata,Romalea reticulata,CR,Heredia,Sarapiqui,La Selva Biological Station; succession trail,10.437533,-84.0095,Aug/8/2023,Orthoptera,Caelifera,Romaleidae,Romaleinae,,Taeniopoda,male,adult,y,31,,
Tar_LS_7Aug2023_16,Tar16,,Taeniopoda reticulata,Romalea reticulata,CR,Heredia,Sarapiqui,La Selva Biological Station; succession trail,10.437533,-84.0095,Aug/8/2023,Orthoptera,Caelifera,Romaleidae,Romaleinae,,Taeniopoda,male,adult,y,82,,
Tar_LS_7Aug2023_16,Tar16,,Taeniopoda reticulata,Romalea reticulata,CR,Heredia,Sarapiqui,La Selva Biological Station; succession trail,10.437533,-84.0095,Aug/8/2023,Orthoptera,Caelifera,Romaleidae,Romaleinae,,Taeniopoda,male,adult,y,82,,
Tar_LS_7Aug2023_17,Tar17,,Taeniopoda reticulata,Romalea reticulata,CR,Heredia,Sarapiqui,La Selva Biological Station; succession trail,10.437533,-84.0095,Aug/8/2023,Orthoptera,Caelifera,Romaleidae,Romaleinae,,Taeniopoda,female,adult,y,74,,
Tar_LS_7Aug2023_17,Tar17,,Taeniopoda reticulata,Romalea reticulata,CR,Heredia,Sarapiqui,La Selva Biological Station; abandoned house,10.437533,-84.0095,Aug/8/2023,Orthoptera,Caelifera,Romaleidae,Romaleinae,,Taeniopoda,female,adult,y,74,,
Tar_LS_7Aug2023_18,Tar18,,Taeniopoda reticulata,Romalea reticulata,CR,Heredia,Sarapiqui,La Selva Biological Station; abandoned house,10.437533,-84.0095,Aug/8/2023,Orthoptera,Caelifera,Romaleidae,Romaleinae,,Taeniopoda,female,adult,y,?,,
Tar_LS_7Aug2023_19,Tar19,,Taeniopoda reticulata,Romalea reticulata,CR,Heredia,Sarapiqui,La Selva Biological Station; abandoned house,10.437533,-84.0095,Aug/8/2023,Orthoptera,Caelifera,Romaleidae,Romaleinae,,Taeniopoda,male,adult,y,?,,
Tar_LS_7Aug2023_20,Tar20,,Taeniopoda reticulata,Romalea reticulata,CR,Heredia,Sarapiqui,La Selva Biological Station; succession trail,10.437533,-84.0095,Aug/8/2023,Orthoptera,Caelifera,Romaleidae,Romaleinae,,Taeniopoda,male,adult,y,2,,
Tar_P_12Aug2023_21,Tar21,,Taeniopoda reticulata,Romalea reticulata,CR,Alajuela,Palma,Road passing Volcano Lodge & Springs; near La Fortuna,10.5009821,-84.6802414,Aug/11/2023,Orthoptera,Caelifera,Romaleidae,Romaleinae,,Taeniopoda,female,adult,y,15,,
Coco_SC_12viii2023_1,,,Costarica costaricensis,Costarica costaricensis,CR,Alajuela,San Ramon,Soltis Center TAMU,10.382873,-84.619623,Aug/12/2023,Orthoptera,Caelifera,Romaleidae,Romaleinae,,Castarica,female,adult,n,0,,
Tobs_EC_10Oct2023_1,,,Taeniopoda obscura,Romalea obscura,MX,Yucatan,Tizimin,El Cuyo: muelle,21.517487,-87.676998,Oct/10/2023,Orthoptera,Caelifera,Romaleidae,Romaleinae,Romaleini,Taeniopoda,male,adult,n,0,,
Tobs_EC_10Oct2023_2,,,Taeniopoda obscura,Romalea obscura,MX,Yucatan,Tizimin,El Cuyo: muelle,21.517487,-87.676998,Oct/10/2023,Orthoptera,Caelifera,Romaleidae,Romaleinae,Romaleini,Taeniopoda,female,adult,n,0,,
Tobs_EC_10Oct2023_3,Tobs3,,Taeniopoda obscura,Romalea obscura,MX,Yucatan,Tizimin,El Cuyo: muelle,21.517487,-87.676998,Oct/10/2023,Orthoptera,Caelifera,Romaleidae,Romaleinae,Romaleini,Taeniopoda,male,adult,y,6,,
Tobs_EC_10Oct2023_4,Tobs4,,Taeniopoda obscura,Romalea obscura,MX,Yucatan,Tizimin,El Cuyo: muelle,21.517487,-87.676998,Oct/10/2023,Orthoptera,Caelifera,Romaleidae,Romaleinae,Romaleini,Taeniopoda,female,adult,y,250,,
Tobs_EC_10Oct2023_4,Tobs3, ,Taeniopoda obscura,Romalea obscura,MX,Yucatan,Tizimin,El Cuyo: muelle,21.517487,-87.676998,Oct/10/2023,Orthoptera,Caelifera,Romaleidae,Romaleinae,Romaleini,Taeniopoda,female,adult,y,250,,
Tobs_EC_10Oct2023_4,Tobs3,,Taeniopoda obscura,Romalea obscura,MX,Yucatan,Tizimin,El Cuyo: muelle,21.517487,-87.676998,Oct/10/2023,Orthoptera,Caelifera,Romaleidae,Romaleinae,Romaleini,Taeniopoda,female,adult,y,250,,
Tobs_EC_10Oct2023_4,Tobs3,,Taeniopoda obscura,Romalea obscura,MX,Yucatan,Tizimin,El Cuyo: muelle,21.517487,-87.676998,Oct/10/2023,Orthoptera,Caelifera,Romaleidae,Romaleinae,Romaleini,Taeniopoda,female,adult,y,250,,
Tobs_EC_10Oct2023_5,Tobs5,,Taeniopoda obscura,Romalea obscura,MX,Yucatan,Tizimin,El Cuyo: Paque Natural Rio Lagartos,21.513182,-87.65544,Oct/10/2023,Orthoptera,Caelifera,Romaleidae,Romaleinae,Romaleini,Taeniopoda,male,adult,y,30,,
Tobs_EC_10Oct2023_6,Tobs6,,Taeniopoda obscura,Romalea obscura,MX,Yucatan,Tizimin,El Cuyo: Paque Natural Rio Lagartos,21.513182,-87.65544,Oct/10/2023,Orthoptera,Caelifera,Romaleidae,Romaleinae,Romaleini,Taeniopoda,female,adult,y,150,,
Tobs_EC_10Oct2023_7,Tobs7,R1,Taeniopoda obscura,Romalea obscura,MX,Yucatan,Tizimin,El Cuyo: Paque Natural Rio Lagartos,21.513182,-87.65544,Oct/10/2023,Orthoptera,Caelifera,Romaleidae,Romaleinae,Romaleini,Taeniopoda,male,adult,y,6,TAMUIC-IGC-004538,
Tobs_EC_10Oct2023_8,Tobs7,,Taeniopoda obscura,Romalea obscura,MX,Yucatan,Tizimin,El Cuyo: Paque Natural Rio Lagartos,21.513182,-87.65544,Oct/10/2023,Orthoptera,Caelifera,Romaleidae,Romaleinae,Romaleini,Taeniopoda,male,adult,y,25,,
Tobs_EC_10Oct2023_9,Tobs9,,Taeniopoda obscura,Romalea obscura,MX,Yucatan,Tizimin,El Cuyo: Paque Natural Rio Lagartos,21.513182,-87.65544,Oct/10/2023,Orthoptera,Caelifera,Romaleidae,Romaleinae,Romaleini,Taeniopoda,female,adult,y,13,,
Tobs_EC_10Oct2023_10,Tobs10,,Taeniopoda obscura,Romalea obscura,MX,Yucatan,Tizimin,El Cuyo: Paque Natural Rio Lagartos,21.513182,-87.65544,Oct/10/2023,Orthoptera,Caelifera,Romaleidae,Romaleinae,Romaleini,Taeniopoda,male,adult,y,30,,
Tobs_EC_10Oct2023_11,Tobs10,,Taeniopoda obscura,Romalea obscura,MX,Yucatan,Tizimin,El Cuyo: Paque Natural Rio Lagartos,21.513182,-87.65544,Oct/10/2023,Orthoptera,Caelifera,Romaleidae,Romaleinae,Romaleini,Taeniopoda,male,adult,y,20,,
Tobs_EC_10Oct2023_12,,,Taeniopoda obscura,Romalea obscura,MX,Yucatan,Tizimin,El Cuyo: Paque Natural Rio Lagartos,21.513182,-87.65544,Oct/10/2023,Orthoptera,Caelifera,Romaleidae,Romaleinae,Romaleini,Taeniopoda,male,adult,n,0,,
Tobs_EC_10Oct2023_13,Tobs10,,Taeniopoda obscura,Romalea obscura,MX,Yucatan,Tizimin,El Cuyo: Paque Natural Rio Lagartos,21.513182,-87.65544,Oct/10/2023,Orthoptera,Caelifera,Romaleidae,Romaleinae,Romaleini,Taeniopoda,male,adult,y,300,,
Tobs_EC_10Oct2023_13,Tobs10,,Taeniopoda obscura,Romalea obscura,MX,Yucatan,Tizimin,El Cuyo: Paque Natural Rio Lagartos,21.513182,-87.65544,Oct/10/2023,Orthoptera,Caelifera,Romaleidae,Romaleinae,Romaleini,Taeniopoda,male,adult,y,300,,
Tobs_EC_10Oct2023_13,Tobs10,,Taeniopoda obscura,Romalea obscura,MX,Yucatan,Tizimin,El Cuyo: Paque Natural Rio Lagartos,21.513182,-87.65544,Oct/10/2023,Orthoptera,Caelifera,Romaleidae,Romaleinae,Romaleini,Taeniopoda,male,adult,y,300,,
Tobs_EC_10Oct2023_13,Tobs10,,Taeniopoda obscura,Romalea obscura,MX,Yucatan,Tizimin,El Cuyo: Paque Natural Rio Lagartos,21.513182,-87.65544,Oct/10/2023,Orthoptera,Caelifera,Romaleidae,Romaleinae,Romaleini,Taeniopoda,male,adult,y,300,,
Tobs_EC_10Oct2023_13,Tobs9,,Taeniopoda obscura,Romalea obscura,MX,Yucatan,Tizimin,El Cuyo: Paque Natural Rio Lagartos,21.513182,-87.65544,Oct/10/2023,Orthoptera,Caelifera,Romaleidae,Romaleinae,Romaleini,Taeniopoda,male,adult,y,300,,
Tobs_EC_10Oct2023_13,Tobs13,,Taeniopoda obscura,Romalea obscura,MX,Yucatan,Tizimin,El Cuyo: Paque Natural Rio Lagartos,21.513182,-87.65544,Oct/10/2023,Orthoptera,Caelifera,Romaleidae,Romaleinae,Romaleini,Taeniopoda,male,adult,y,300,,
Tobs_EC_10Oct2023_13,Tobs13,,Taeniopoda obscura,Romalea obscura,MX,Yucatan,Tizimin,El Cuyo: Paque Natural Rio Lagartos,21.513182,-87.65544,Oct/10/2023,Orthoptera,Caelifera,Romaleidae,Romaleinae,Romaleini,Taeniopoda,male,adult,y,300,,
Tobs_EC_10Oct2023_13,Tobs13,,Taeniopoda obscura,Romalea obscura,MX,Yucatan,Tizimin,El Cuyo: Paque Natural Rio Lagartos,21.513182,-87.65544,Oct/10/2023,Orthoptera,Caelifera,Romaleidae,Romaleinae,Romaleini,Taeniopoda,male,adult,y,300,,
Tobs_EC_10Oct2023_13,Tobs13,,Taeniopoda obscura,Romalea obscura,MX,Yucatan,Tizimin,El Cuyo: Paque Natural Rio Lagartos,21.513182,-87.65544,Oct/10/2023,Orthoptera,Caelifera,Romaleidae,Romaleinae,Romaleini,Taeniopoda,male,adult,y,300,,
Xyl_Pan_12Oct2023_1,,,Xyleus aff. discoideus mexicanus,Xyleus aff. discoideus mexicanus,MX,Yucatan,Panaba,Terraceria rumbo a rancho la Candelaria; noroeste de Panaba,21.3971,-88.3921,Oct/12/2023,Orthoptera,Caelifera,Romaleidae,Romaleinae,Procolpini,Xyleus,female,adult,n,0,,
Xyl_Pan_12Oct2023_2,,R19,Xyleus aff. discoideus mexicanus,Xyleus aff. discoideus mexicanus,MX,Yucatan,Panaba,Terraceria rumbo a rancho la Candelaria; noroeste de Panaba,21.3971,-88.3921,Oct/12/2023,Orthoptera,Caelifera,Romaleidae,Romaleinae,Procolpini,Xyleus,female,adult,n,0,TAMUIC-IGC-004556,
Xyl_Pan_12Oct2023_3,,,Xyleus aff. discoideus mexicanus,Xyleus aff. discoideus mexicanus,MX,Yucatan,Panaba,Terraceria rumbo a rancho la Candelaria; noroeste de Panaba,21.3971,-88.3921,Oct/12/2023,Orthoptera,Caelifera,Romaleidae,Romaleinae,Procolpini,Xyleus,male,adult,n,0,,
Tobs_Pan_12Oct2023_14,Tobs14,,Taeniopoda obscura,Romalea obscura,MX,Yucatan,Panaba,Near Rancho San Francisco; northwest Panaba,21.398019,-88.434586,Oct/12/2023,Orthoptera,Caelifera,Romaleidae,Romaleinae,Romaleini,Taeniopoda,male,adult,y,100,,
Tobs_Pan_12Oct2023_15,Tobs15,R2,Taeniopoda obscura,Romalea obscura,MX,Yucatan,Panaba,Near Rancho San Francisco; northwest Panaba,21.398019,-88.434586,Oct/12/2023,Orthoptera,Caelifera,Romaleidae,Romaleinae,Romaleini,Taeniopoda,male,adult,y,60,TAMUIC-IGC-004539,
Tobs_Pan_12Oct2023_16,Tobs16,,Taeniopoda obscura,Romalea obscura,MX,Yucatan,Panaba,Near Rancho San Francisco; northwest Panaba,21.398019,-88.434586,Oct/12/2023,Orthoptera,Caelifera,Romaleidae,Romaleinae,Romaleini,Taeniopoda,male,adult,y,150,,
Tobs_Pan_12Oct2023_16,Tobs16,,Taeniopoda obscura,Romalea obscura,MX,Yucatan,Panaba,Near Rancho San Francisco; northwest Panaba,21.398019,-88.434586,Oct/12/2023,Orthoptera,Caelifera,Romaleidae,Romaleinae,Romaleini,Taeniopoda,male,adult,y,150,,
Tobs_Pan_12Oct2023_17,Tobs17,,Taeniopoda obscura,Romalea obscura,MX,Yucatan,Panaba,Near Rancho San Francisco; northwest Panaba,21.398019,-88.434586,Oct/12/2023,Orthoptera,Caelifera,Romaleidae,Romaleinae,Romaleini,Taeniopoda,male,adult,y,300,,
Tobs_Pan_12Oct2023_17,Tobs17,,Taeniopoda obscura,Romalea obscura,MX,Yucatan,Panaba,Near Rancho San Francisco; northwest Panaba,21.398019,-88.434586,Oct/12/2023,Orthoptera,Caelifera,Romaleidae,Romaleinae,Romaleini,Taeniopoda,male,adult,y,300,,
Tobs_Pan_12Oct2023_17,Tobs17,,Taeniopoda obscura,Romalea obscura,MX,Yucatan,Panaba,Near Rancho San Francisco; northwest Panaba,21.398019,-88.434586,Oct/12/2023,Orthoptera,Caelifera,Romaleidae,Romaleinae,Romaleini,Taeniopoda,male,adult,y,300,,
Tobs_Pan_12Oct2023_17,Tobs17,,Taeniopoda obscura,Romalea obscura,MX,Yucatan,Panaba,Near Rancho San Francisco; northwest Panaba,21.398019,-88.434586,Oct/12/2023,Orthoptera,Caelifera,Romaleidae,Romaleinae,Romaleini,Taeniopoda,male,adult,y,300,,
Tobs_EC_10Oct2023_18,Tobs18,,Taeniopoda obscura,Romalea obscura,MX,Yucatan,Tizimin,El Cuyo: Paque Natural Rio Lagartos penultima entrada a la playa,21.513693,-87.658523,Oct/13/2023,Orthoptera,Caelifera,Romaleidae,Romaleinae,Romaleini,Taeniopoda,male,adult,y,60,,
Tobs_EC_10Oct2023_19,Tobs19,,Taeniopoda obscura,Romalea obscura,MX,Yucatan,Tizimin,El Cuyo: Paque Natural Rio Lagartos penultima entrada a la playa,21.513693,-87.658523,Oct/13/2023,Orthoptera,Caelifera,Romaleidae,Romaleinae,Romaleini,Taeniopoda,female,adult,y,150,,
Tobs_EC_10Oct2023_20,Tobs20,,Taeniopoda obscura,Romalea obscura,MX,Yucatan,Tizimin,El Cuyo: Paque Natural Rio Lagartos penultima entrada a la playa,21.513693,-87.658523,Oct/13/2023,Orthoptera,Caelifera,Romaleidae,Romaleinae,Romaleini,Taeniopoda,female,adult,y,30,,
Tobs_EC_10Oct2023_21,Tobs21,,Taeniopoda obscura,Romalea obscura,MX,Yucatan,Tizimin,El Cuyo: Paque Natural Rio Lagartos penultima entrada a la playa,21.513693,-87.658523,Oct/13/2023,Orthoptera,Caelifera,Romaleidae,Romaleinae,Romaleini,Taeniopoda,female,adult,y,200,,
Tobs_EC_10Oct2023_22,Tobs22,,Taeniopoda obscura,Romalea obscura,MX,Yucatan,Tizimin,El Cuyo: Paque Natural Rio Lagartos penultima entrada a la playa,21.513693,-87.658523,Oct/13/2023,Orthoptera,Caelifera,Romaleidae,Romaleinae,Romaleini,Taeniopoda,male,adult,y,100,,
Tobs_EC_10Oct2023_23,Tobs23,,Taeniopoda obscura,Romalea obscura,MX,Yucatan,Tizimin,El Cuyo: Paque Natural Rio Lagartos penultima entrada a la playa,21.513693,-87.658523,Oct/13/2023,Orthoptera,Caelifera,Romaleidae,Romaleinae,Romaleini,Taeniopoda,male,adult,y,60,,
Tobs_EC_10Oct2023_24,,,Taeniopoda obscura,Romalea obscura,MX,Yucatan,Tizimin,El Cuyo: Paque Natural Rio Lagartos penultima entrada a la playa,21.513693,-87.658523,Oct/13/2023,Orthoptera,Caelifera,Romaleidae,Romaleinae,Romaleini,Taeniopoda,female,adult,n,0,,
Taur_CE_9Dec2023_1,Taur1,,Taeniopoda auricornis,Romalea auricornis,MX,Veracruz,Tepetlan,Potrero near Colonia Enriquez,19.706789,-96.762519,Dec/9/2023,Orthoptera,Caelifera,Romaleidae,Romaleinae,Romaleini,Taeniopoda,male,adult,y,100,,
Taur_CE_9Dec2023_2,Taur2,,Taeniopoda auricornis,Romalea auricornis,MX,Veracruz,Tepetlan,Potrero near Colonia Enriquez,19.706789,-96.762519,Dec/9/2023,Orthoptera,Caelifera,Romaleidae,Romaleinae,Romaleini,Taeniopoda,male,adult,y,35,,
Taur_CE_9Dec2023_3,Taur3,R3,Taeniopoda auricornis,Romalea auricornis,MX,Veracruz,Tepetlan,Potrero near Colonia Enriquez,19.706789,-96.762519,Dec/9/2023,Orthoptera,Caelifera,Romaleidae,Romaleinae,Romaleini,Taeniopoda,male,adult,y,70,TAMUIC-IGC-004540,
Taur_CE_9Dec2023_4,Taur4,,Taeniopoda auricornis,Romalea auricornis,MX,Veracruz,Tepetlan,Potrero near Colonia Enriquez,19.706789,-96.762519,Dec/9/2023,Orthoptera,Caelifera,Romaleidae,Romaleinae,Romaleini,Taeniopoda,male,adult,y,60,,
Taur_CE_9Dec2023_5,Taur5,,Taeniopoda auricornis,Romalea auricornis,MX,Veracruz,Tepetlan,Potrero near Colonia Enriquez,19.706789,-96.762519,Dec/9/2023,Orthoptera,Caelifera,Romaleidae,Romaleinae,Romaleini,Taeniopoda,male,adult,y,16,,
Taur_CE_9Dec2023_6,,,Taeniopoda auricornis,Romalea auricornis,MX,Veracruz,Tepetlan,Potrero near Colonia Enriquez,19.706789,-96.762519,Dec/9/2023,Orthoptera,Caelifera,Romaleidae,Romaleinae,Romaleini,Taeniopoda,male,adult,y,2,,
Taur_CE_9Dec2023_7,,,Taeniopoda auricornis,Romalea auricornis,MX,Veracruz,Tepetlan,Potrero near Colonia Enriquez,19.706789,-96.762519,Dec/9/2023,Orthoptera,Caelifera,Romaleidae,Romaleinae,Romaleini,Taeniopoda,male,adult,y,3,,
Taur_CE_9Dec2023_8,Taur8,,Taeniopoda auricornis,Romalea auricornis,MX,Veracruz,Tepetlan,Potrero near Colonia Enriquez,19.706789,-96.762519,Dec/9/2023,Orthoptera,Caelifera,Romaleidae,Romaleinae,Romaleini,Taeniopoda,male,adult,y,70,,
Taur_CE_9Dec2023_8,Taur8,,Taeniopoda auricornis,Romalea auricornis,MX,Veracruz,Tepetlan,Potrero near Colonia Enriquez,19.706789,-96.762519,Dec/9/2023,Orthoptera,Caelifera,Romaleidae,Romaleinae,Romaleini,Taeniopoda,male,adult,y,70,,
Taur_CE_9Dec2023_8,Taur8,,Taeniopoda auricornis,Romalea auricornis,MX,Veracruz,Tepetlan,Potrero near Colonia Enriquez,19.706789,-96.762519,Dec/9/2023,Orthoptera,Caelifera,Romaleidae,Romaleinae,Romaleini,Taeniopoda,male,adult,y,70,,
Taur_CE_9Dec2023_8,Taur8,,Taeniopoda auricornis,Romalea auricornis,MX,Veracruz,Tepetlan,Potrero near Colonia Enriquez,19.706789,-96.762519,Dec/9/2023,Orthoptera,Caelifera,Romaleidae,Romaleinae,Romaleini,Taeniopoda,male,adult,y,70,,
Taur_CE_9Dec2023_9,Taur9,,Taeniopoda auricornis,Romalea auricornis,MX,Veracruz,Tepetlan,Potrero near Colonia Enriquez,19.706789,-96.762519,Dec/9/2023,Orthoptera,Caelifera,Romaleidae,Romaleinae,Romaleini,Taeniopoda,male,adult,y,100,,
Taur_CE_9Dec2023_10,,,Taeniopoda auricornis,Romalea auricornis,MX,Veracruz,Tepetlan,Potrero near Colonia Enriquez,19.706789,-96.762519,Dec/9/2023,Orthoptera,Caelifera,Romaleidae,Romaleinae,Romaleini,Taeniopoda,male,adult,y,2,,
Taur_CE_9Dec2023_11,Taur11,,Taeniopoda auricornis,Romalea auricornis,MX,Veracruz,Tepetlan,Potrero near Colonia Enriquez,19.706789,-96.762519,Dec/9/2023,Orthoptera,Caelifera,Romaleidae,Romaleinae,Romaleini,Taeniopoda,male,adult,y,100,,
Taur_CE_9Dec2023_12,Taur11,,Taeniopoda auricornis,Romalea auricornis,MX,Veracruz,Tepetlan,Potrero near Colonia Enriquez,19.706789,-96.762519,Dec/9/2023,Orthoptera,Caelifera,Romaleidae,Romaleinae,Romaleini,Taeniopoda,male,adult,y,2,,
Taur_CE_9Dec2023_13,,,Taeniopoda auricornis,Romalea auricornis,MX,Veracruz,Tepetlan,Potrero near Colonia Enriquez,19.706789,-96.762519,Dec/9/2023,Orthoptera,Caelifera,Romaleidae,Romaleinae,Romaleini,Taeniopoda,female,adult,n,0,,
Taur_CE_9Dec2023_14,Taur14,,Taeniopoda auricornis,Romalea auricornis,MX,Veracruz,Tepetlan,Potrero near Colonia Enriquez,19.706789,-96.762519,Dec/9/2023,Orthoptera,Caelifera,Romaleidae,Romaleinae,Romaleini,Taeniopoda,female,adult,y,120,,
Taur_CE_9Dec2023_15,Taur15,,Taeniopoda auricornis,Romalea auricornis,MX,Veracruz,Tepetlan,Potrero near Colonia Enriquez,19.706789,-96.762519,Dec/9/2023,Orthoptera,Caelifera,Romaleidae,Romaleinae,Romaleini,Taeniopoda,male,adult,y,60,,
Taur_CE_9Dec2023_15,Taur15,,Taeniopoda auricornis,Romalea auricornis,MX,Veracruz,Tepetlan,Potrero near Colonia Enriquez,19.706789,-96.762519,Dec/9/2023,Orthoptera,Caelifera,Romaleidae,Romaleinae,Romaleini,Taeniopoda,male,adult,y,60,,
Taur_XA_10Dec2023_16,Taur16,R4,Taeniopoda auricornis,Romalea auricornis,MX,Veracruz,Xalapa,Parque Natura,19.517877,-96.886819,Dec/10/2023,Orthoptera,Caelifera,Romaleidae,Romaleinae,Romaleini,Taeniopoda,male,adult,y,8,TAMUIC-IGC-004541,
Taur_XA_10Dec2023_17,,,Taeniopoda auricornis,Romalea auricornis,MX,Veracruz,Xalapa,Parque Natura,19.517877,-96.886819,Dec/10/2023,Orthoptera,Caelifera,Romaleidae,Romaleinae,Romaleini,Taeniopoda,male,adult,n,0,,
Taur_XA_10Dec2023_18,Taur18,,Taeniopoda auricornis,Romalea auricornis,MX,Veracruz,Xalapa,Parque Natura,19.517877,-96.886819,Dec/10/2023,Orthoptera,Caelifera,Romaleidae,Romaleinae,Romaleini,Taeniopoda,male,adult,y,50,,
Taur_XA_10Dec2023_18,Taur18,,Taeniopoda auricornis,Romalea auricornis,MX,Veracruz,Xalapa,Parque Natura,19.517877,-96.886819,Dec/10/2023,Orthoptera,Caelifera,Romaleidae,Romaleinae,Romaleini,Taeniopoda,male,adult,y,50,,
Taur_XA_10Dec2023_19,,,Taeniopoda auricornis,Romalea auricornis,MX,Veracruz,Xalapa,Parque Natura,19.517877,-96.886819,Dec/10/2023,Orthoptera,Caelifera,Romaleidae,Romaleinae,Romaleini,Taeniopoda,male,adult,y,5,,
Taur_XA_10Dec2023_20,Taur20,,Taeniopoda auricornis,Romalea auricornis,MX,Veracruz,Xalapa,Parque Natura,19.517877,-96.886819,Dec/10/2023,Orthoptera,Caelifera,Romaleidae,Romaleinae,Romaleini,Taeniopoda,male,adult,y,6,,
Taur_XA_10Dec2023_21,Taur20,,Taeniopoda auricornis,Romalea auricornis,MX,Veracruz,Xalapa,Parque Natura,19.517877,-96.886819,Dec/10/2023,Orthoptera,Caelifera,Romaleidae,Romaleinae,Romaleini,Taeniopoda,male,adult,y,70,,
Taur_XA_10Dec2023_22,Taur22,,Taeniopoda auricornis,Romalea auricornis,MX,Veracruz,Xalapa,Parque Natura,19.517877,-96.886819,Dec/10/2023,Orthoptera,Caelifera,Romaleidae,Romaleinae,Romaleini,Taeniopoda,male,adult,y,5,,
Taur_XA_10Dec2023_23,Taur23,,Taeniopoda auricornis,Romalea auricornis,MX,Veracruz,Xalapa,Parque Natura,19.517877,-96.886819,Dec/10/2023,Orthoptera,Caelifera,Romaleidae,Romaleinae,Romaleini,Taeniopoda,male,adult,y,22,,
Tpic_PA_12Dec2023_1,Tpic1,,Taeniopoda picticornis,Romalea auricornis,MX,Veracruz,Camerino Z. Mendoza,along Paseo de los Ahuehuetes river,18.79545,-97.182884,Dec/12/2023,Orthoptera,Caelifera,Romaleidae,Romaleinae,Romaleini,Taeniopoda,female,adult,y,6,,
Tpic_PA_12Dec2023_2,,,Taeniopoda picticornis,Romalea auricornis,MX,Veracruz,Camerino Z. Mendoza,along Paseo de los Ahuehuetes river,18.79545,-97.182884,Dec/12/2023,Orthoptera,Caelifera,Romaleidae,Romaleinae,Romaleini,Taeniopoda,male,adult,n,0,,
Tpic_PA_12Dec2023_3,,,Taeniopoda picticornis,Romalea auricornis,MX,Veracruz,Camerino Z. Mendoza,along Paseo de los Ahuehuetes river,18.79545,-97.182884,Dec/12/2023,Orthoptera,Caelifera,Romaleidae,Romaleinae,Romaleini,Taeniopoda,female,adult,n,0,,
Tpic_PA_12Dec2023_4,Tpic4,,Taeniopoda picticornis,Romalea auricornis,MX,Veracruz,Camerino Z. Mendoza,along Paseo de los Ahuehuetes river,18.79545,-97.182884,Dec/12/2023,Orthoptera,Caelifera,Romaleidae,Romaleinae,Romaleini,Taeniopoda,male,adult,y,2,,
Tpic_PA_12Dec2023_5,Tpic5,,Taeniopoda picticornis,Romalea auricornis,MX,Veracruz,Camerino Z. Mendoza,along Paseo de los Ahuehuetes river,18.79545,-97.182884,Dec/12/2023,Orthoptera,Caelifera,Romaleidae,Romaleinae,Romaleini,Taeniopoda,female,adult,y,1,,
Tpic_PA_12Dec2023_6,Tpic1,,Taeniopoda picticornis,Romalea auricornis,MX,Veracruz,Camerino Z. Mendoza,along Paseo de los Ahuehuetes river,18.79545,-97.182884,Dec/12/2023,Orthoptera,Caelifera,Romaleidae,Romaleinae,Romaleini,Taeniopoda,female,adult,y,5,,
Tpic_PA_12Dec2023_7,Tpic7,,Taeniopoda picticornis,Romalea auricornis,MX,Veracruz,Camerino Z. Mendoza,along Paseo de los Ahuehuetes river,18.79545,-97.182884,Dec/12/2023,Orthoptera,Caelifera,Romaleidae,Romaleinae,Romaleini,Taeniopoda,male,adult,y,2,,
Tpic_PA_12Dec2023_8,,R6,Taeniopoda picticornis,Romalea auricornis,MX,Veracruz,Camerino Z. Mendoza,along Paseo de los Ahuehuetes river,18.79545,-97.182884,Dec/12/2023,Orthoptera,Caelifera,Romaleidae,Romaleinae,Romaleini,Taeniopoda,male,adult,n,0,TAMUIC-IGC-004543,
Tpic_PA_12Dec2023_9,Tpic9,,Taeniopoda picticornis,Romalea auricornis,MX,Veracruz,Camerino Z. Mendoza,along Paseo de los Ahuehuetes river,18.79545,-97.182884,Dec/12/2023,Orthoptera,Caelifera,Romaleidae,Romaleinae,Romaleini,Taeniopoda,male,adult,y,1,TAMUIC-IGC-004543,
Tpic_PA_12Dec2023_10,Tpic10,,Taeniopoda picticornis,Romalea auricornis,MX,Veracruz,Camerino Z. Mendoza,along Paseo de los Ahuehuetes river,18.79545,-97.182884,Dec/12/2023,Orthoptera,Caelifera,Romaleidae,Romaleinae,Romaleini,Taeniopoda,female,adult,y,7,,
Tpic_PA_12Dec2023_10,Tpic10,,Taeniopoda picticornis,Romalea auricornis,MX,Veracruz,Camerino Z. Mendoza,along Paseo de los Ahuehuetes river,18.79545,-97.182884,Dec/12/2023,Orthoptera,Caelifera,Romaleidae,Romaleinae,Romaleini,Taeniopoda,female,adult,y,7,,
Tpic_PA_12Dec2023_11,,,Taeniopoda picticornis,Romalea auricornis,MX,Veracruz,Camerino Z. Mendoza,along Paseo de los Ahuehuetes river,18.79545,-97.182884,Dec/12/2023,Orthoptera,Caelifera,Romaleidae,Romaleinae,Romaleini,Taeniopoda,male,adult,n,0,,
Tpic_PA_12Dec2023_12,,,Taeniopoda picticornis,Romalea auricornis,MX,Veracruz,Camerino Z. Mendoza,along Paseo de los Ahuehuetes river,18.79545,-97.182884,Dec/12/2023,Orthoptera,Caelifera,Romaleidae,Romaleinae,Romaleini,Taeniopoda,male,adult,n,0,,
Tpic_PA_12Dec2023_13,Tpic10,,Taeniopoda picticornis,Romalea auricornis,MX,Veracruz,Camerino Z. Mendoza,along Paseo de los Ahuehuetes river,18.79545,-97.182884,Dec/12/2023,Orthoptera,Caelifera,Romaleidae,Romaleinae,Romaleini,Taeniopoda,male,adult,y,1,,
Teq_Hui_19Dec2023_1,,R7,Taeniopoda eques,Romalea eques,MX,Hidalgo,Huichapan,Carretera Federal 45 Huichapan-Ixmiquilpan; San Mateo,20.386229,-99.64733,Dec/19/2023,Orthoptera,Caelifera,Romaleidae,Romaleinae,Romaleini,Taeniopoda,male,adult,n,0,TAMUIC-IGC-004544,
Teq_Hui_19Dec2023_2,Teq2,,Taeniopoda eques,Romalea eques,MX,Hidalgo,Huichapan,Carretera Federal 45 Huichapan-Ixmiquilpan; San Mateo,20.386229,-99.64733,Dec/19/2023,Orthoptera,Caelifera,Romaleidae,Romaleinae,Romaleini,Taeniopoda,male,adult,y,2,TAMUIC-IGC-004544,
Teq_Hui_19Dec2023_3,,,Taeniopoda eques,Romalea eques,MX,Hidalgo,Huichapan,Carretera Federal 45 Huichapan-Ixmiquilpan; San Mateo,20.386229,-99.64733,Dec/19/2023,Orthoptera,Caelifera,Romaleidae,Romaleinae,Romaleini,Taeniopoda,male,adult,n,0,,
Teq_Hui_19Dec2023_4,,,Taeniopoda eques,Romalea eques,MX,Hidalgo,Huichapan,Carretera Federal 45 Huichapan-Ixmiquilpan; San Mateo,20.386229,-99.64733,Dec/19/2023,Orthoptera,Caelifera,Romaleidae,Romaleinae,Romaleini,Taeniopoda,female,adult,n,0,,
Teq_Hui_19Dec2023_5,,,Taeniopoda eques,Romalea eques,MX,Hidalgo,Huichapan,Carretera Federal 45 Huichapan-Ixmiquilpan; San Mateo,20.386229,-99.64733,Dec/19/2023,Orthoptera,Caelifera,Romaleidae,Romaleinae,Romaleini,Taeniopoda,female,adult,n,0,,
Teq_Hui_19Dec2023_6,,R5,Taeniopoda eques,Romalea eques,MX,Hidalgo,Huichapan,Carretera Federal 45 Huichapan-Ixmiquilpan; San Mateo,20.386229,-99.64733,Dec/19/2023,Orthoptera,Caelifera,Romaleidae,Romaleinae,Romaleini,Taeniopoda,female,adult,n,0,TAMUIC-IGC-004542,
Teq_Hui_19Dec2023_7,,,Taeniopoda eques,Romalea eques,MX,Hidalgo,Huichapan,Carretera Federal 45 Huichapan-Ixmiquilpan; San Mateo,20.386229,-99.64733,Dec/19/2023,Orthoptera,Caelifera,Romaleidae,Romaleinae,Romaleini,Taeniopoda,female,adult,n,0,,
Teq_Hui_19Dec2023_8,,,Taeniopoda eques,Romalea eques,MX,Hidalgo,Huichapan,Carretera Federal 45 Huichapan-Ixmiquilpan; San Mateo,20.386229,-99.64733,Dec/19/2023,Orthoptera,Caelifera,Romaleidae,Romaleinae,Romaleini,Taeniopoda,male,adult,n,0,,
Teq_Hui_19Dec2023_9,Teq2,,Taeniopoda eques,Romalea eques,MX,Hidalgo,Huichapan,Carretera Federal 45 Huichapan-Ixmiquilpan; San Mateo,20.386229,-99.64733,Dec/19/2023,Orthoptera,Caelifera,Romaleidae,Romaleinae,Romaleini,Taeniopoda,male,adult,y,4,,
Teq_Hui_19Dec2023_10,Teq2,,Taeniopoda eques,Romalea eques,MX,Hidalgo,Huichapan,Carretera Federal 45 Huichapan-Ixmiquilpan; San Mateo,20.386229,-99.64733,Dec/19/2023,Orthoptera,Caelifera,Romaleidae,Romaleinae,Romaleini,Taeniopoda,female,adult,y,2,,
Teq_Hui_19Dec2023_11,,,Taeniopoda eques,Romalea eques,MX,Hidalgo,Huichapan,Carretera Federal 45 Huichapan-Ixmiquilpan; San Mateo,20.386229,-99.64733,Dec/19/2023,Orthoptera,Caelifera,Romaleidae,Romaleinae,Romaleini,Taeniopoda,female,adult,n,0,,
Teq_Hui_19Dec2023_12,,,Taeniopoda eques,Romalea eques,MX,Hidalgo,Huichapan,Carretera Federal 45 Huichapan-Ixmiquilpan; San Mateo,20.386229,-99.64733,Dec/19/2023,Orthoptera,Caelifera,Romaleidae,Romaleinae,Romaleini,Taeniopoda,male,adult,n,0,,
Teq_Hui_19Dec2023_13,,,Taeniopoda eques,Romalea eques,MX,Hidalgo,Huichapan,Carretera Federal 45 Huichapan-Ixmiquilpan; San Mateo,20.386229,-99.64733,Dec/19/2023,Orthoptera,Caelifera,Romaleidae,Romaleinae,Romaleini,Taeniopoda,male,adult,n,0,,
Teq_Hui_19Dec2023_14,,,Taeniopoda eques,Romalea eques,MX,Hidalgo,Huichapan,Carretera Federal 45 Huichapan-Ixmiquilpan; San Mateo,20.386229,-99.64733,Dec/19/2023,Orthoptera,Caelifera,Romaleidae,Romaleinae,Romaleini,Taeniopoda,male,adult,n,0,,
Teq_Hui_19Dec2023_15,Teq15,,Taeniopoda eques,Romalea eques,MX,Hidalgo,Huichapan,Carretera Federal 45 Huichapan-Ixmiquilpan; San Mateo,20.386229,-99.64733,Dec/19/2023,Orthoptera,Caelifera,Romaleidae,Romaleinae,Romaleini,Taeniopoda,female,adult,n,0,,
Teq_Hui_19Dec2023_16,Teq16,,Taeniopoda eques,Romalea eques,MX,Hidalgo,Huichapan,Carretera Federal 45 Huichapan-Ixmiquilpan; San Mateo,20.386229,-99.64733,Dec/19/2023,Orthoptera,Caelifera,Romaleidae,Romaleinae,Romaleini,Taeniopoda,male,adult,n,0,,
Teq_Hui_19Dec2023_17,Teq17,,Taeniopoda eques,Romalea eques,MX,Hidalgo,Huichapan,Carretera Federal 45 Huichapan-Ixmiquilpan; San Mateo,20.386229,-99.64733,Dec/19/2023,Orthoptera,Caelifera,Romaleidae,Romaleinae,Romaleini,Taeniopoda,male,adult,n,0,,
Teq_Hui_19Dec2023_18,Teq18,,Taeniopoda eques,Romalea eques,MX,Hidalgo,Huichapan,Carretera Federal 45 Huichapan-Ixmiquilpan; San Mateo,20.386229,-99.64733,Dec/19/2023,Orthoptera,Caelifera,Romaleidae,Romaleinae,Romaleini,Taeniopoda,female,adult,y,2,,
Teq_Hui_19Dec2023_18,Teq18,,Taeniopoda eques,Romalea eques,MX,Hidalgo,Huichapan,Carretera Federal 45 Huichapan-Ixmiquilpan; San Mateo,20.386229,-99.64733,Dec/19/2023,Orthoptera,Caelifera,Romaleidae,Romaleinae,Romaleini,Taeniopoda,female,adult,y,2,,
Teq_Hui_19Dec2023_19,,,Taeniopoda eques,Romalea eques,MX,Hidalgo,Huichapan,Carretera Federal 45 Huichapan-Ixmiquilpan; San Mateo,20.386229,-99.64733,Dec/19/2023,Orthoptera,Caelifera,Romaleidae,Romaleinae,Romaleini,Taeniopoda,female,adult,n,0,,
Teq_Hui_19Dec2023_20,Teq20,,Taeniopoda eques,Romalea eques,MX,Hidalgo,Huichapan,Carretera Federal 45 Huichapan-Ixmiquilpan; San Mateo,20.386229,-99.64733,Dec/19/2023,Orthoptera,Caelifera,Romaleidae,Romaleinae,Romaleini,Taeniopoda,female,adult,n,0,,
Teq_Hui_20Dec2023_21,,,Taeniopoda eques,Romalea eques,MX,Hidalgo,Huichapan,Barrio el Calvario; near Av. Revolucion; Terreno baldio,20.377712,-99.641456,Dec/20/2023,Orthoptera,Caelifera,Romaleidae,Romaleinae,Romaleini,Taeniopoda,male,adult,n,0,,
Teq_Hui_20Dec2023_22,Teq22,,Taeniopoda eques,Romalea eques,MX,Hidalgo,Huichapan,Barrio el Calvario; near Av. Revolucion; Terreno baldio,20.377712,-99.641456,Dec/20/2023,Orthoptera,Caelifera,Romaleidae,Romaleinae,Romaleini,Taeniopoda,male,adult,n,0,,
Teq_Hui_20Dec2023_23,Teq23,,Taeniopoda eques,Romalea eques,MX,Hidalgo,Huichapan,Barrio el Calvario; near Av. Revolucion; Terreno baldio,20.377712,-99.641456,Dec/20/2023,Orthoptera,Caelifera,Romaleidae,Romaleinae,Romaleini,Taeniopoda,female,adult,n,0,,
Teq_Hui_20Dec2023_24,Teq24,,Taeniopoda eques,Romalea eques,MX,Hidalgo,Huichapan,Barrio el Calvario; near Av. Revolucion; Terreno baldio,20.377712,-99.641456,Dec/20/2023,Orthoptera,Caelifera,Romaleidae,Romaleinae,Romaleini,Taeniopoda,male,adult,n,0,,
Teq_Hui_20Dec2023_25,,,Taeniopoda eques,Romalea eques,MX,Hidalgo,Huichapan,Barrio el Calvario; near Av. Revolucion; Terreno baldio,20.377712,-99.641456,Dec/20/2023,Orthoptera,Caelifera,Romaleidae,Romaleinae,Romaleini,Taeniopoda,male,adult,n,0,,
Teq_Hui_20Dec2023_26,Teq26,,Taeniopoda eques,Romalea eques,MX,Hidalgo,Huichapan,Barrio el Calvario; near Av. Revolucion; Terreno baldio,20.377712,-99.641456,Dec/20/2023,Orthoptera,Caelifera,Romaleidae,Romaleinae,Romaleini,Taeniopoda,female,adult,n,0,,
Teq_Hui_20Dec2023_27,Teq27,,Taeniopoda eques,Romalea eques,MX,Hidalgo,Huichapan,Barrio el Calvario; near Av. Revolucion; Terreno baldio,20.377712,-99.641456,Dec/20/2023,Orthoptera,Caelifera,Romaleidae,Romaleinae,Romaleini,Taeniopoda,female,adult,y,2,,
Teq_Hui_20Dec2023_28,,,Taeniopoda eques,Romalea eques,MX,Hidalgo,Huichapan,Barrio el Calvario; near Av. Revolucion; Terreno baldio,20.377712,-99.641456,Dec/20/2023,Orthoptera,Caelifera,Romaleidae,Romaleinae,Romaleini,Taeniopoda,male,adult,n,0,,
Teq_Hui_20Dec2023_29,,,Taeniopoda eques,Romalea eques,MX,Hidalgo,Huichapan,Barrio el Calvario; near Av. Revolucion; Terreno baldio,20.377712,-99.641456,Dec/20/2023,Orthoptera,Caelifera,Romaleidae,Romaleinae,Romaleini,Taeniopoda,female,adult,n,0,,
Teq_Hui_20Dec2023_30,,,Taeniopoda eques,Romalea eques,MX,Hidalgo,Huichapan,Barrio el Calvario; near Av. Revolucion; Terreno baldio,20.377712,-99.641456,Dec/20/2023,Orthoptera,Caelifera,Romaleidae,Romaleinae,Romaleini,Taeniopoda,male,adult,n,0,,
Teq_Hui_20Dec2023_31,Teq31,,Taeniopoda eques,Romalea eques,MX,Hidalgo,Huichapan,Barrio el Calvario; near Av. Revolucion; Terreno baldio,20.377712,-99.641456,Dec/20/2023,Orthoptera,Caelifera,Romaleidae,Romaleinae,Romaleini,Taeniopoda,female,adult,y,26,,
Teq_Hui_20Dec2023_32,Teq32,,Taeniopoda eques,Romalea eques,MX,Hidalgo,Huichapan,Barrio el Calvario; near Av. Revolucion; Terreno baldio,20.377712,-99.641456,Dec/20/2023,Orthoptera,Caelifera,Romaleidae,Romaleinae,Romaleini,Taeniopoda,female,adult,n,0,,
Teq_Hui_20Dec2023_33,Teq33,,Taeniopoda eques,Romalea eques,MX,Hidalgo,Huichapan,Barrio el Calvario; near Av. Revolucion; Terreno baldio,20.377712,-99.641456,Dec/20/2023,Orthoptera,Caelifera,Romaleidae,Romaleinae,Romaleini,Taeniopoda,male,adult,y,1,,
Teq_Hui_20Dec2023_33,Teq33,,Taeniopoda eques,Romalea eques,MX,Hidalgo,Huichapan,Barrio el Calvario; near Av. Revolucion; Terreno baldio,20.377712,-99.641456,Dec/20/2023,Orthoptera,Caelifera,Romaleidae,Romaleinae,Romaleini,Taeniopoda,male,adult,y,1,,
Teq_Hui_20Dec2023_34,Teq34,,Taeniopoda eques,Romalea eques,MX,Hidalgo,Huichapan,Barrio el Calvario; near Av. Revolucion; Terreno baldio,20.377712,-99.641456,Dec/20/2023,Orthoptera,Caelifera,Romaleidae,Romaleinae,Romaleini,Taeniopoda,male,adult,n,0,,
Teq_Hui_20Dec2023_35,Teq31,,Taeniopoda eques,Romalea eques,MX,Hidalgo,Huichapan,Barrio el Calvario; near Av. Revolucion; Terreno baldio,20.377712,-99.641456,Dec/20/2023,Orthoptera,Caelifera,Romaleidae,Romaleinae,Romaleini,Taeniopoda,male,adult,y,1,,
Teq_Hui_20Dec2023_36,Teq36,,Taeniopoda eques,Romalea eques,MX,Hidalgo,Huichapan,Barrio el Calvario; near Av. Revolucion; Terreno baldio,20.377712,-99.641456,Dec/20/2023,Orthoptera,Caelifera,Romaleidae,Romaleinae,Romaleini,Taeniopoda,female,adult,y,1,,
Teq_Hui_20Dec2023_36,Teq31,,Taeniopoda eques,Romalea eques,MX,Hidalgo,Huichapan,Barrio el Calvario; near Av. Revolucion; Terreno baldio,20.377712,-99.641456,Dec/20/2023,Orthoptera,Caelifera,Romaleidae,Romaleinae,Romaleini,Taeniopoda,female,adult,y,1,,
Bra_Tequis_19Dec2023_1,,R20,Brachystola aff. magna,Brachystola aff. magna,MX,Queretaro,Tequisquiapan,Carretera Juarez Oriente,20.515134,-99.871774,Dec/19/2023,Orthoptera,Caelifera,Romaleidae,Romaleinae,Romaleini,Brachystola,female,adult,n,0,TAMUIC-IGC-004557,
Tam_Vic_27Aug2023_1,Tam1,,Taeniopoda tamaulipensis,Romalea tamaulipensis,MX,Tamaulipas,Victoria,Canon la Libertad,23.800105,-99.19974,Aug/27/2023,Orthoptera,Caelifera,Romaleidae,Romaleinae,Romaleini,Taeniopoda,male,adult,y,200,TAMUIC-IGC-004548,
Tam_Vic_27Aug2023_1,Tam1,,Taeniopoda tamaulipensis,Romalea tamaulipensis,MX,Tamaulipas,Victoria,Canon la Libertad,23.800105,-99.19974,Aug/27/2023,Orthoptera,Caelifera,Romaleidae,Romaleinae,Romaleini,Taeniopoda,male,adult,y,200,,
Tam_Vic_27Aug2023_1,Tam1,,Taeniopoda tamaulipensis,Romalea tamaulipensis,MX,Tamaulipas,Victoria,Canon la Libertad,23.800105,-99.19974,Aug/27/2023,Orthoptera,Caelifera,Romaleidae,Romaleinae,Romaleini,Taeniopoda,male,adult,y,200,,
Tam_Vic_27Aug2023_1,Tam1,,Taeniopoda tamaulipensis,Romalea tamaulipensis,MX,Tamaulipas,Victoria,Canon la Libertad,23.800105,-99.19974,Aug/27/2023,Orthoptera,Caelifera,Romaleidae,Romaleinae,Romaleini,Taeniopoda,male,adult,y,200,,
Tam_Vic_27Aug2023_1,Tam1,,Taeniopoda tamaulipensis,Romalea tamaulipensis,MX,Tamaulipas,Victoria,Canon la Libertad,23.800105,-99.19974,Aug/27/2023,Orthoptera,Caelifera,Romaleidae,Romaleinae,Romaleini,Taeniopoda,male,adult,y,200,,
Tam_Vic_27Aug2023_1,Tam1,,Taeniopoda tamaulipensis,Romalea tamaulipensis,MX,Tamaulipas,Victoria,Canon la Libertad,23.800105,-99.19974,Aug/27/2023,Orthoptera,Caelifera,Romaleidae,Romaleinae,Romaleini,Taeniopoda,male,adult,y,200,,
Tam_Vic_27Aug2023_1,Tam1,,Taeniopoda tamaulipensis,Romalea tamaulipensis,MX,Tamaulipas,Victoria,Canon la Libertad,23.800105,-99.19974,Aug/27/2023,Orthoptera,Caelifera,Romaleidae,Romaleinae,Romaleini,Taeniopoda,male,adult,y,200,,
Taeniopoda_tamaulipensis_el_madrono,,R23,Taeniopoda tamaulipensis,Romalea tamaulipensis,MX,Tamaulipas,Victoria,El Madrono,23.605909,-99.229958,Aug/5/2023,Orthoptera,Caelifera,Romaleidae,Romaleinae,Romaleini,Taeniopoda,,adult,n,0,TAMUIC-IGC-004560,
Xyl_Mich_27Aug2023_1,Xyl1,R31,Xyleus aff. discoideus mexicanus,Xyleus aff. discoideus mexicanus,MX,Guerrero,La Union de Isidoro Montes de Oca,Chutla de Nava; Carretera a Chutla km 2 (L8 2023),17.925222,-101.78867,Nov/9/2023,Orthoptera,Caelifera,Romaleidae,Romaleinae,Procolpini,Xyleus,male,adult,y,5,TAMUIC-IGC-004568,
Xyl_Mich_27Aug2023_2,,,Xyleus aff. discoideus mexicanus,Xyleus aff. discoideus mexicanus,MX,Guerrero,La Union de Isidoro Montes de Oca,Chutla de Nava; Carretera a Chutla km 2 (L8 2023),17.925222,-101.78867,Nov/9/2023,Orthoptera,Caelifera,Romaleidae,Romaleinae,Procolpini,Xyleus,male,adult,n,0,,
Xyl_Mich_27Aug2023_3,,,Xyleus aff. discoideus mexicanus,Xyleus aff. discoideus mexicanus,MX,Guerrero,La Union de Isidoro Montes de Oca,Chutla de Nava; Carretera a Chutla km 2 (L8 2023),17.925222,-101.78867,Nov/9/2023,Orthoptera,Caelifera,Romaleidae,Romaleinae,Procolpini,Xyleus,male,adult,n,0,,
Xyl_Mich_27Aug2023_4,,,Xyleus aff. discoideus mexicanus,Xyleus aff. discoideus mexicanus,MX,Michoacan,Lazaro Cardenas,Carretera 37 a Arteaga; km 323 (L1 2023 194),18.05561,-102.32162,Nov/9/2023,Orthoptera,Caelifera,Romaleidae,Romaleinae,Procolpini,Xyleus,female,adult,n,0,,
Xyl_Mich_27Aug2023_5,Xyl5,,Xyleus aff. discoideus mexicanus,Xyleus aff. discoideus mexicanus,MX,Guerrero,La Union de Isidoro Montes de Oca,Carretera Los Llanos Temalhuacan (L7 2023),17.85981,-101.72701,Nov/9/2023,Orthoptera,Caelifera,Romaleidae,Romaleinae,Procolpini,Xyleus,female,adult,y,4,,
Xyl_Mich_27Aug2023_5,Xyl5,,Xyleus aff. discoideus mexicanus,Xyleus aff. discoideus mexicanus,MX,Guerrero,La Union de Isidoro Montes de Oca,Carretera Los Llanos Temalhuacan (L7 2023),17.85981,-101.72701,Nov/9/2023,Orthoptera,Caelifera,Romaleidae,Romaleinae,Procolpini,Xyleus,female,adult,y,4,,
Xyl_Mich_27Aug2023_6,,,Xyleus aff. discoideus mexicanus,Xyleus aff. discoideus mexicanus,MX,Guerrero,La Union de Isidoro Montes de Oca,Chutla de Nava; Carretera a Chutla km 2 (L8 2023),17.925222,-101.78867,Nov/9/2023,Orthoptera,Caelifera,Romaleidae,Romaleinae,Procolpini,Xyleus,female,adult,n,0,,
Xyl_Mich_27Aug2023_7,,,Xyleus aff. discoideus mexicanus,Xyleus aff. discoideus mexicanus,MX,Guerrero,La Union de Isidoro Montes de Oca,Chutla de Nava; Carretera a Chutla km 2 (L8 2023),17.925222,-101.78867,Nov/9/2023,Orthoptera,Caelifera,Romaleidae,Romaleinae,Procolpini,Xyleus,female,adult,n,0,,
Xyl_Mich_27Aug2023_8,Xyl8,,Xyleus aff. discoideus mexicanus,Xyleus aff. discoideus mexicanus,MX,Guerrero,La Union de Isidoro Montes de Oca,Chutla de Nava; Carretera a Chutla km 2 (L8 2023),17.925222,-101.78867,Nov/9/2023,Orthoptera,Caelifera,Romaleidae,Romaleinae,Procolpini,Xyleus,female,adult,y,50,,
Xyl_Mich_27Aug2023_8,Xyl8,,Xyleus aff. discoideus mexicanus,Xyleus aff. discoideus mexicanus,MX,Guerrero,La Union de Isidoro Montes de Oca,Chutla de Nava; Carretera a Chutla km 2 (L8 2023),17.925222,-101.78867,Nov/9/2023,Orthoptera,Caelifera,Romaleidae,Romaleinae,Procolpini,Xyleus,female,adult,y,50,,
Xyl_Mich_27Aug2023_8,Xyl8,,Xyleus aff. discoideus mexicanus,Xyleus aff. discoideus mexicanus,MX,Guerrero,La Union de Isidoro Montes de Oca,Chutla de Nava; Carretera a Chutla km 2 (L8 2023),17.925222,-101.78867,Nov/9/2023,Orthoptera,Caelifera,Romaleidae,Romaleinae,Procolpini,Xyleus,female,adult,y,50,,
Xyl_Mich_27Aug2023_8,Xyl8,,Xyleus aff. discoideus mexicanus,Xyleus aff. discoideus mexicanus,MX,Guerrero,La Union de Isidoro Montes de Oca,Chutla de Nava; Carretera a Chutla km 2 (L8 2023),17.925222,-101.78867,Nov/9/2023,Orthoptera,Caelifera,Romaleidae,Romaleinae,Procolpini,Xyleus,female,adult,y,50,,
Xyl_Mich_27Aug2023_9,Xyl9,,Xyleus aff. discoideus mexicanus,Xyleus aff. discoideus mexicanus,MX,Guerrero,La Union de Isidoro Montes de Oca,Chutla de Nava; Carretera a Chutla km 2 (L8 2023),17.925222,-101.78867,Nov/9/2023,Orthoptera,Caelifera,Romaleidae,Romaleinae,Procolpini,Xyleus,female,adult,y,200,,
Xyl_Mich_27Aug2023_9,Xyl9,,Xyleus aff. discoideus mexicanus,Xyleus aff. discoideus mexicanus,MX,Guerrero,La Union de Isidoro Montes de Oca,Chutla de Nava; Carretera a Chutla km 2 (L8 2023),17.925222,-101.78867,Nov/9/2023,Orthoptera,Caelifera,Romaleidae,Romaleinae,Procolpini,Xyleus,female,adult,y,200,,
Xyl_Mich_27Aug2023_9,Xyl9,,Xyleus aff. discoideus mexicanus,Xyleus aff. discoideus mexicanus,MX,Guerrero,La Union de Isidoro Montes de Oca,Chutla de Nava; Carretera a Chutla km 2 (L8 2023),17.925222,-101.78867,Nov/9/2023,Orthoptera,Caelifera,Romaleidae,Romaleinae,Procolpini,Xyleus,female,adult,y,200,,
Xyl_Mich_27Aug2023_9,Xyl9,,Xyleus aff. discoideus mexicanus,Xyleus aff. discoideus mexicanus,MX,Guerrero,La Union de Isidoro Montes de Oca,Chutla de Nava; Carretera a Chutla km 2 (L8 2023),17.925222,-101.78867,Nov/9/2023,Orthoptera,Caelifera,Romaleidae,Romaleinae,Procolpini,Xyleus,female,adult,y,200,,
Xyl_Mich_27Aug2023_9,Xyl9,,Xyleus aff. discoideus mexicanus,Xyleus aff. discoideus mexicanus,MX,Guerrero,La Union de Isidoro Montes de Oca,Chutla de Nava; Carretera a Chutla km 2 (L8 2023),17.925222,-101.78867,Nov/9/2023,Orthoptera,Caelifera,Romaleidae,Romaleinae,Procolpini,Xyleus,female,adult,y,200,,
Xyl_Mich_27Aug2023_9,Xyl9,,Xyleus aff. discoideus mexicanus,Xyleus aff. discoideus mexicanus,MX,Guerrero,La Union de Isidoro Montes de Oca,Chutla de Nava; Carretera a Chutla km 2 (L8 2023),17.925222,-101.78867,Nov/9/2023,Orthoptera,Caelifera,Romaleidae,Romaleinae,Procolpini,Xyleus,female,adult,y,200,,
Xyl_Mich_27Aug2023_9,Xyl9,,Xyleus aff. discoideus mexicanus,Xyleus aff. discoideus mexicanus,MX,Guerrero,La Union de Isidoro Montes de Oca,Chutla de Nava; Carretera a Chutla km 2 (L8 2023),17.925222,-101.78867,Nov/9/2023,Orthoptera,Caelifera,Romaleidae,Romaleinae,Procolpini,Xyleus,female,adult,y,200,,
Xyl_Mich_27Aug2023_9,Xyl9,,Xyleus aff. discoideus mexicanus,Xyleus aff. discoideus mexicanus,MX,Guerrero,La Union de Isidoro Montes de Oca,Chutla de Nava; Carretera a Chutla km 2 (L8 2023),17.925222,-101.78867,Nov/9/2023,Orthoptera,Caelifera,Romaleidae,Romaleinae,Procolpini,Xyleus,female,adult,y,200,,
Xyl_Mich_27Aug2023_9,Xyl9,,Xyleus aff. discoideus mexicanus,Xyleus aff. discoideus mexicanus,MX,Guerrero,La Union de Isidoro Montes de Oca,Chutla de Nava; Carretera a Chutla km 2 (L8 2023),17.925222,-101.78867,Nov/9/2023,Orthoptera,Caelifera,Romaleidae,Romaleinae,Procolpini,Xyleus,female,adult,y,200,,
Xyl_Mich_27Aug2023_9,Xyl9,,Xyleus aff. discoideus mexicanus,Xyleus aff. discoideus mexicanus,MX,Guerrero,La Union de Isidoro Montes de Oca,Chutla de Nava; Carretera a Chutla km 2 (L8 2023),17.925222,-101.78867,Nov/9/2023,Orthoptera,Caelifera,Romaleidae,Romaleinae,Procolpini,Xyleus,female,adult,y,200,,
Xyl_Mich_27Aug2023_9,Xyl9,,Xyleus aff. discoideus mexicanus,Xyleus aff. discoideus mexicanus,MX,Guerrero,La Union de Isidoro Montes de Oca,Chutla de Nava; Carretera a Chutla km 2 (L8 2023),17.925222,-101.78867,Nov/9/2023,Orthoptera,Caelifera,Romaleidae,Romaleinae,Procolpini,Xyleus,female,adult,y,200,,
Xyl_Mich_27Aug2023_9,Xyl9,,Xyleus aff. discoideus mexicanus,Xyleus aff. discoideus mexicanus,MX,Guerrero,La Union de Isidoro Montes de Oca,Chutla de Nava; Carretera a Chutla km 2 (L8 2023),17.925222,-101.78867,Nov/9/2023,Orthoptera,Caelifera,Romaleidae,Romaleinae,Procolpini,Xyleus,female,adult,y,200,,
Xyl_Mich_27Aug2023_9,Xyl9,,Xyleus aff. discoideus mexicanus,Xyleus aff. discoideus mexicanus,MX,Guerrero,La Union de Isidoro Montes de Oca,Chutla de Nava; Carretera a Chutla km 2 (L8 2023),17.925222,-101.78867,Nov/9/2023,Orthoptera,Caelifera,Romaleidae,Romaleinae,Procolpini,Xyleus,female,adult,y,200,,
Chro_Mich_17Aug2023_9,,R25,Chromacris sp.,Chromacris sp.,MX,Michoacan,Arteaga,Entre El Zarrillo y El Higueral sobre carretera 37 a Arteaga (L2 190 2023),18.30755,-102.27377,Nov/9/2023,Orthoptera,Caelifera,Romaleidae,Romaleinae,Romaleini,Chromacris,female,adult,n,0,TAMUIC-IGC-004562,
Chro_Mich_17Aug2023_10,,,Chromacris sp.,Chromacris sp.,MX,Michoacan,Arteaga,Entre El Zarrillo y El Higueral sobre carretera 37 a Arteaga (L2 190 2023),18.30755,-102.27377,Nov/9/2023,Orthoptera,Caelifera,Romaleidae,Romaleinae,Romaleini,Chromacris,female,adult,n,0,,
Xyl_Mich_27Aug2023_10,,,Xyleus aff. discoideus mexicanus,Xyleus aff. discoideus mexicanus,MX,Guerrero,La Union de Isidoro Montes de Oca,Chutla de Nava; Carretera a Chutla km 2 (L8 2023),17.925222,-101.78867,Nov/9/2023,Orthoptera,Caelifera,Romaleidae,Romaleinae,Procolpini,Xyleus,female,adult,n,0,,
Xyl_Mich_27Aug2023_11,Xyl11,,Xyleus aff. discoideus mexicanus,Xyleus aff. discoideus mexicanus,MX,Guerrero,La Union de Isidoro Montes de Oca,Carretera Los Llanos Temalhuacan (L7 2023),17.85981,-101.72701,Nov/9/2023,Orthoptera,Caelifera,Romaleidae,Romaleinae,Procolpini,Xyleus,female,adult,y,4,,
Xyl_Mich_27Aug2023_12,Xyl12,,Xyleus aff. discoideus mexicanus,Xyleus aff. discoideus mexicanus,MX,,,,,,,Orthoptera,Caelifera,Romaleidae,Romaleinae,Procolpini,Xyleus,male,adult,y,1,,
Xyl_Mich_27Aug2023_13,,,Xyleus aff. discoideus mexicanus,Xyleus aff. discoideus mexicanus,MX,,,,,,,Orthoptera,Caelifera,Romaleidae,Romaleinae,Procolpini,Xyleus,male,adult,n,0,,
Medina-Duran_etal_2020,MK181531,,Taeniopoda centurio,Romalea centurio,MX,Hidalgo,Huejutla de Reyes,Carretera Federal 105 Pachuca-Huejutla entre km 162 y 163,20.993186,-98.657552,Oct/1/2017,Orthoptera,Caelifera,Romaleidae,Romaleinae,Romaleini,Taeniopoda,female,adult,y,?,,
Medina-Duran_etal_2020,MK181532,,Taeniopoda centurio,Romalea centurio,MX,Hidalgo,Huejutla de Reyes,Carretera Federal 105 Pachuca-Huejutla entre km 162 y 163,20.993186,-98.657552,Oct/1/2017,Orthoptera,Caelifera,Romaleidae,Romaleinae,Romaleini,Taeniopoda,female,adult,y,?,,
TAMUIC-IGC-004558,,R21,Taeniopoda aff. auricornis,Romalea aff. auricornis,MX,Oaxaca,Santiago Camotlan,Santiago Camotlan. Montane cloudforest with grassland,17.444867,-96.184983,,Orthoptera,Caelifera,Romaleidae,Romaleinae,Romaleini,Taeniopoda,male,adult,?,?,TAMUIC-IGC-004558,
TAMUIC-IGC-004559,,R22,Chromacris sp.,Chromacris sp.,CR,Limon,Matama,Veragua Rainforest Research and Adventure Park,9.8391,-83.2111,,Orthoptera,Caelifera,Romaleidae,Romaleinae,Romaleini,Chromacris,female,adult,?,?,TAMUIC-IGC-004559,
TAMUIC-IGC-004561,,R24,Taeniopoda picticornis,Taeniopoda picticornis,MX,Nayarit,Ahuacatlan,Carretera a los Limones (L17-2021),21.020086,-104.474506,Sep/6/2021,Orthoptera,Caelifera,Romaleidae,Romaleinae,Romaleini,Taeniopoda,male,adult,?,?,TAMUIC-IGC-004561,
TAMUIC-IGC-004563,,R26,Taeniopoda eques,Romalea eques,MX,San Luis Potosi,Guadalcazar,Carr. 57 km 1015;entronque de Matehuala; ca. El Huizache (L-66-2021),22.913136,-100.4731974,Oct/7/2021,Orthoptera,Caelifera,Romaleidae,Romaleinae,Romaleini,Taeniopoda,male,adult,?,?,TAMUIC-IGC-004563,
TAMUIC-IGC-004564,,R27,Taeniopoda picticornis,Romalea picticornis,MX,Guerrero,La Union de Isidoro Montes de Oca,Carretera Los llanos Temalhuacan. Sobre carretera 200. L-7-2023,17.85981,-101.72701,Oct/9/2023,Orthoptera,Caelifera,Romaleidae,Romaleinae,Romaleini,Taeniopoda,male,adult,?,?,TAMUIC-IGC-004564,
TAMUIC-IGC-004565,,R28,Taeniopoda picticornis,Romalea picticornis,MX,Michoacan,Arteaga,Sobre carretera 37 a Arteaga. El Zarrillo. L3 (197) 2023,18.2746,-102.27683,Oct/7/2023,Orthoptera,Caelifera,Romaleidae,Romaleinae,Romaleini,Taeniopoda,male,adult,?,?,TAMUIC-IGC-004565,
TAMUIC-IGC-004566,,R29,Taeniopoda picticornis,Romalea picticornis,MX,Michoacan,Lazaro Cardenas,Sobre carretera 37 a Arteaga km 328. L1.2023,18.06561,-102.32162,Oct/7/2023,Orthoptera,Caelifera,Romaleidae,Romaleinae,Romaleini,Taeniopoda,male,adult,?,?,TAMUIC-IGC-004566,
TAMUIC-IGC-004567,,R30,Taeniopoda picticornis,Romalea picticornis,MX,Michoacan,Lazaro Cardenas,Popoyuta. Entre km 23 y 22. L5-2023 marca 200,18.03811,-102.53857,Oct/7/2023,Orthoptera,Caelifera,Romaleidae,Romaleinae,Romaleini,Taeniopoda,male,adult,?,?,TAMUIC-IGC-004567,
TAMUIC-IGC-004569,,R32,Taeniopoda eques,Romalea eques,MX,Queretaro,Queretaro,El Cimatorio (L71-2021),20.533816,-100.355196,Oct/9/2021,Orthoptera,Caelifera,Romaleidae,Romaleinae,Romaleini,Taeniopoda,,adult,?,?,TAMUIC-IGC-004569,
